run,random_seed,year,operations,port_fees,equipment_cost,total_labor_cost,materials_cost,OpEx
1,1,2017,5104968.0,0.0,2178400.123722222,0,831535,8114903.123722222
1,1,2018,5104968.0,0.0,1695990.1763888889,0,1744208,8545166.17638889
1,1,2019,5104968.0,0.0,1548794.3219907407,0,1387502,8041264.3219907405
1,1,2020,5118954.21369863,0.0,1552634.481712963,0,1519167,8190755.695411593
1,1,2021,5104968.0,0.0,1695990.437037037,0,1040258,7841216.437037037
1,1,2022,5104968.0,0.0,2501499.9684722223,0,1886762,9493229.968472222
1,1,2023,5104968.0,0.0,1548793.5708333333,0,1357102,8010863.570833333
1,1,2024,5118954.21369863,0.0,2449620.907222222,0,1600748,9169323.120920852
1,1,2025,5104968.0,0.0,1695990.35625,0,1315828,8116786.35625
1,1,2026,5104968.0,0.0,1695988.9701388888,0,1891277,8692233.970138889
1,1,2027,5104968.0,0.0,1695988.5564814815,0,1580839,8381795.5564814815
1,1,2028,5118954.21369863,0.0,1699830.124537037,0,1207202,8025986.338235667
1,1,2029,5104968.0,0.0,1548794.669675926,0,1380116,8033878.669675926
1,1,2030,5104968.0,0.0,2320955.5984074073,0,1511340,8937263.598407406
1,1,2031,5104968.0,0.0,2433611.286648148,0,1373597,8912176.286648149
1,1,2032,5118954.21369863,0.0,1699829.9125,0,1642309,8461093.12619863
1,1,2033,5104968.0,0.0,1695989.5657407409,0,1506961,8307918.565740741
1,1,2034,5104968.0,0.0,1695990.1358796295,0,1793840,8594798.13587963
1,1,2035,5104968.0,0.0,1695989.9650462964,0,1504499,8305456.965046296
1,1,2036,5118954.21369863,0.0,1699830.2828703704,0,1325344,8144128.496569
1,1,2037,5104968.0,0.0,1695991.1875,0,1022883,7823842.1875
1,1,2038,5104968.0,0.0,1695989.1875,0,1645705,8446662.1875
1,1,2039,5104968.0,0.0,1548793.8849537037,0,1120655,7774416.884953704
1,1,2040,5118954.21369863,0.0,1699828.3203703703,0,1604028,8422810.534069
1,1,2041,5104968.0,0.0,2473000.3155185184,0,1449277,9027245.315518519
1,1,2042,5104968.0,0.0,1695989.7708333333,0,949099,7750056.770833333
1,1,2043,5104968.0,0.0,1695989.963888889,0,1586773,8387730.963888889
1,1,2044,5118954.21369863,0.0,1699830.130787037,0,1257468,8076252.3444856675
1,1,2045,5104968.0,0.0,1843186.6918981483,0,1299254,8247408.6918981485
1,1,2046,5104968.0,0.0,1843186.1425925926,0,1745101,8693255.142592592
2,2,2017,5104968.0,0.0,1426694.048611111,0,782968,7314630.048611111
2,2,2018,5104968.0,0.0,1695989.1081018518,0,1800637,8601594.108101852
2,2,2019,5104968.0,0.0,1695988.9361111112,0,1706539,8507495.936111111
2,2,2020,5118954.21369863,0.0,1847026.2018518518,0,1345491,8311471.4155504815
2,2,2021,5104968.0,0.0,1548794.1011574075,0,1540208,8193970.101157407
2,2,2022,5104968.0,0.0,1695990.6828703703,0,1283279,8084237.68287037
2,2,2023,5104968.0,0.0,1548794.4083333334,0,1458647,8112409.408333333
2,2,2024,5118954.21369863,0.0,1552634.2530092592,0,1408208,8079796.466707889
2,2,2025,5104968.0,0.0,1548794.8840277777,0,1243813,7897575.884027777
2,2,2026,5104968.0,0.0,2457941.621787037,0,1540795,9103704.621787038
2,2,2027,5104968.0,0.0,1695990.2530092592,0,1063268,7864226.25300926
2,2,2028,5118954.21369863,0.0,1699829.825925926,0,1510339,8329123.039624556
2,2,2029,5104968.0,0.0,1548793.7965277778,0,1408601,8062362.796527778
2,2,2030,5104968.0,0.0,1548793.4706018518,0,1798807,8452568.470601851
2,2,2031,5104968.0,0.0,1695989.7055555556,0,1239136,8040093.705555555
2,2,2032,5118954.21369863,0.0,1699828.835648148,0,1562354,8381137.049346779
2,2,2033,5104968.0,0.0,1695990.4335648147,0,1265908,8066866.433564815
2,2,2034,5104968.0,0.0,1695989.148611111,0,1251938,8052895.148611112
2,2,2035,5104968.0,0.0,1843185.8122685186,0,1605615,8553768.812268518
2,2,2036,5118954.21369863,0.0,1552633.7847222222,0,1169780,7841367.998420852
2,2,2037,5104968.0,0.0,1843186.8409722222,0,1746645,8694799.840972222
2,2,2038,5104968.0,0.0,1548794.6386574074,0,1427910,8081672.638657408
2,2,2039,5104968.0,0.0,1695990.8064814815,0,1756464,8557422.80648148
2,2,2040,5118954.21369863,0.0,1699830.2474537038,0,1254419,8073203.461152334
2,2,2041,5104968.0,0.0,2599049.8360555554,0,1787650,9491667.836055554
2,2,2042,5104968.0,0.0,2308414.055027778,0,1095558,8508940.055027777
2,2,2043,5104968.0,0.0,1695989.1134259258,0,1422409,8223366.113425925
2,2,2044,5118954.21369863,0.0,1846124.0766203704,0,1559051,8524129.290319001
2,2,2045,5104968.0,0.0,1548794.2828703704,0,1376886,8030648.282870371
2,2,2046,5104968.0,0.0,2876814.527222222,0,1596885,9578667.527222222
3,3,2017,5104968.0,0.0,1682270.50625,0,918341,7705579.50625
3,3,2018,5104968.0,0.0,1548795.3666666667,0,1150665,7804428.366666667
3,3,2019,5104968.0,0.0,1695990.7027777778,0,1338134,8139092.702777778
3,3,2020,5118954.21369863,0.0,1552634.8453703704,0,1434895,8106484.059069
3,3,2021,5104968.0,0.0,1548792.9523148148,0,1712212,8365972.952314815
3,3,2022,5104968.0,0.0,1695990.1127314814,0,1563819,8364777.112731481
3,3,2023,5104968.0,0.0,2414892.5481574074,0,1208882,8728742.548157407
3,3,2024,5118954.21369863,0.0,2344197.962990741,0,1347139,8810291.176689371
3,3,2025,5104968.0,0.0,1866313.8474537036,0,1506240,8477521.847453704
3,3,2026,5104968.0,0.0,2798837.622314815,0,1981507,9885312.622314814
3,3,2027,5104968.0,0.0,2599966.069296296,0,1338905,9043839.069296297
3,3,2028,5118954.21369863,0.0,1552634.1708333334,0,1091318,7762906.384531964
3,3,2029,5104968.0,0.0,1548794.023148148,0,1750437,8404199.023148147
3,3,2030,5104968.0,0.0,1695990.2868055555,0,1571679,8372637.286805555
3,3,2031,5104968.0,0.0,2330015.86025,0,1600706,9035689.86025
3,3,2032,5118954.21369863,0.0,1518929.7395833333,0,1495804,8133687.953281963
3,3,2033,5104968.0,0.0,1858192.4738425927,0,1309291,8272451.473842593
3,3,2034,5104968.0,0.0,1861885.7363425926,0,1070712,8037565.736342592
3,3,2035,5104968.0,0.0,1695990.7930555556,0,1400252,8201210.793055556
3,3,2036,5118954.21369863,0.0,1699830.463888889,0,1912784,8731568.677587518
3,3,2037,5104968.0,0.0,1695988.6162037037,0,834131,7635087.616203704
3,3,2038,5104968.0,0.0,2501016.1650185185,0,1899863,9505847.165018518
3,3,2039,5104968.0,0.0,1695991.0046296297,0,1220280,8021239.00462963
3,3,2040,5118954.21369863,0.0,1699830.2391203705,0,1575929,8394713.452819
3,3,2041,5104968.0,0.0,3460254.405203704,0,1665498,10230720.405203704
3,3,2042,5104968.0,0.0,1695990.7567129629,0,1261465,8062423.756712963
3,3,2043,5104968.0,0.0,2482374.743,0,1596460,9183802.743
3,3,2044,5118954.21369863,0.0,1699831.2018518518,0,1341519,8160304.4155504815
3,3,2045,5104968.0,0.0,3875421.4425925924,0,1648266,10628655.442592593
3,3,2046,5104968.0,0.0,1548794.933101852,0,1288652,7942414.9331018515
4,4,2017,5104968.0,0.0,1474452.0472222222,0,837564,7416984.047222222
4,4,2018,5104968.0,0.0,1843185.7398148149,0,1596274,8544427.739814814
4,4,2019,5104968.0,0.0,1695989.4043981482,0,1238118,8039075.404398148
4,4,2020,5118954.21369863,0.0,1552634.1810185185,0,1418896,8090484.3947171485
4,4,2021,5104968.0,0.0,1695989.6391203704,0,1366306,8167263.63912037
4,4,2022,5104968.0,0.0,1695990.5122685186,0,1906244,8707202.512268519
4,4,2023,5104968.0,0.0,1843185.2150462964,0,1230797,8178950.215046296
4,4,2024,5118954.21369863,0.0,2272301.6406851853,0,1073723,8464978.854383815
4,4,2025,5104968.0,0.0,2670954.452138889,0,1585876,9361798.45213889
4,4,2026,5104968.0,0.0,1548794.9743055555,0,1799664,8453426.974305555
4,4,2027,5104968.0,0.0,1548794.3847222223,0,1411955,8065717.384722223
4,4,2028,5118954.21369863,0.0,2673341.350675926,0,1905940,9698235.564374557
4,4,2029,5104968.0,0.0,1695989.407175926,0,1243014,8043971.4071759265
4,4,2030,5104968.0,0.0,1548794.2333333334,0,1394204,8047966.233333333
4,4,2031,5104968.0,0.0,1548794.3819444445,0,1456081,8109843.381944444
4,4,2032,5118954.21369863,0.0,1699829.4104166667,0,1189001,8007784.624115297
4,4,2033,5104968.0,0.0,1695991.0414351851,0,1579110,8380069.041435185
4,4,2034,5104968.0,0.0,1401598.3726851852,0,1044913,7551479.372685185
4,4,2035,5104968.0,0.0,3555567.4687777776,0,1616696,10277231.468777778
4,4,2036,5118954.21369863,0.0,1699830.0291666666,0,1608093,8426877.242865296
4,4,2037,5104968.0,0.0,1548794.2583333333,0,1139687,7793449.258333333
4,4,2038,5104968.0,0.0,1695991.2627314816,0,1213824,8014783.262731481
4,4,2039,5104968.0,0.0,2440116.309537037,0,1345976,8891060.309537036
4,4,2040,5118954.21369863,0.0,1699829.651388889,0,1844760,8663543.865087518
4,4,2041,5104968.0,0.0,1695989.9516203704,0,1438817,8239774.95162037
4,4,2042,5104968.0,0.0,2536445.623462963,0,1674698,9316111.623462964
4,4,2043,5104968.0,0.0,1695991.116898148,0,1299348,8100307.116898148
4,4,2044,5118954.21369863,0.0,1699827.6143518519,0,1226641,8045422.828050482
4,4,2045,5104968.0,0.0,1695989.500925926,0,1614196,8415153.500925926
4,4,2046,5104968.0,0.0,1695990.223611111,0,1493910,8294868.223611111
5,5,2017,5104968.0,0.0,1292364.9518518518,0,601813,6999145.951851852
5,5,2018,5104968.0,0.0,1695988.7342592592,0,1793742,8594698.734259259
5,5,2019,5104968.0,0.0,1695988.6407407408,0,1405023,8205979.640740741
5,5,2020,5118954.21369863,0.0,1699830.2881944445,0,1750109,8568893.501893075
5,5,2021,5104968.0,0.0,1401598.3333333333,0,1043724,7550290.333333333
5,5,2022,5104968.0,0.0,1843185.586574074,0,1882800,8830953.586574074
5,5,2023,5104968.0,0.0,1548793.5611111112,0,1394944,8048705.561111111
5,5,2024,5118954.21369863,0.0,1699829.3296296296,0,1569825,8388608.54332826
5,5,2025,5104968.0,0.0,1511939.4837962964,0,1850071,8466978.483796297
5,5,2026,5104968.0,0.0,1732845.883101852,0,1169380,8007193.883101852
5,5,2027,5104968.0,0.0,3363360.482611111,0,1606069,10074397.48261111
5,5,2028,5118954.21369863,0.0,1616138.2810185186,0,1515841,8250933.494717149
5,5,2029,5104968.0,0.0,1687842.1282407409,0,1475846,8268656.128240741
5,5,2030,5104968.0,0.0,1548793.9300925925,0,1760878,8414639.930092592
5,5,2031,5104968.0,0.0,2350121.3193055554,0,1175797,8630886.319305556
5,5,2032,5118954.21369863,0.0,2503839.625601852,0,1687843,9310636.839300482
5,5,2033,5104968.0,0.0,2662376.5125925927,0,1524113,9291457.512592593
5,5,2034,5104968.0,0.0,1548794.2034722222,0,1400414,8054176.203472222
5,5,2035,5104968.0,0.0,2472101.6403148146,0,1717696,9294765.640314814
5,5,2036,5118954.21369863,0.0,1667626.040972222,0,1323556,8110136.254670853
5,5,2037,5104968.0,0.0,1581000.3094907408,0,1047853,7733821.30949074
5,5,2038,5104968.0,0.0,1695989.8960648149,0,1503693,8304650.896064815
5,5,2039,5104968.0,0.0,2478834.0265833335,0,1326015,8909817.026583333
5,5,2040,5118954.21369863,0.0,1552633.9252314814,0,1606452,8278040.138930112
5,5,2041,5104968.0,0.0,2574875.2231851853,0,1385156,9064999.223185185
5,5,2042,5104968.0,0.0,1843185.186574074,0,1250146,8198299.1865740735
5,5,2043,5104968.0,0.0,1548793.7488425926,0,1243899,7897660.748842592
5,5,2044,5118954.21369863,0.0,1699830.286111111,0,1310514,8129298.499809741
5,5,2045,5104968.0,0.0,1695990.3414351852,0,1500107,8301065.341435185
5,5,2046,5104968.0,0.0,1695990.4222222222,0,1581921,8382879.422222222
6,6,2017,5104968.0,0.0,1531747.6261574074,0,726151,7362866.626157408
6,6,2018,5104968.0,0.0,1695990.6604166667,0,1774592,8575550.660416666
6,6,2019,5104968.0,0.0,1695989.5131944444,0,1361100,8162057.513194445
6,6,2020,5118954.21369863,0.0,1699830.5821759258,0,1648489,8467273.795874557
6,6,2021,5104968.0,0.0,1695990.6886574074,0,1515229,8316187.688657408
6,6,2022,5104968.0,0.0,1511782.2523148148,0,1858588,8475338.252314815
6,6,2023,5104968.0,0.0,1733003.8747685186,0,1144208,7982179.874768519
6,6,2024,5118954.21369863,0.0,2294495.3413981483,0,1798904,9212353.555096779
6,6,2025,5104968.0,0.0,1695990.2798611112,0,1489413,8290371.279861111
6,6,2026,5104968.0,0.0,2203978.6374814813,0,1098224,8407170.63748148
6,6,2027,5104968.0,0.0,1695990.3331018519,0,1906991,8707949.333101852
6,6,2028,5118954.21369863,0.0,1699829.568287037,0,1290626,8109409.7819856675
6,6,2029,5104968.0,0.0,1695990.0546296297,0,1831702,8632660.05462963
6,6,2030,5104968.0,0.0,1695989.7412037037,0,1204587,8005544.741203704
6,6,2031,5104968.0,0.0,1548794.898148148,0,1408921,8062683.898148148
6,6,2032,5118954.21369863,0.0,1552634.7469907408,0,1131276,7802864.960689371
6,6,2033,5104968.0,0.0,2689011.7500555557,0,1610403,9404382.750055555
6,6,2034,5104968.0,0.0,1695989.9747685185,0,1730362,8531319.97476852
6,6,2035,5104968.0,0.0,1839998.1243055556,0,1603730,8548696.124305556
6,6,2036,5118954.21369863,0.0,1552634.3574074074,0,1231039,7902627.571106037
6,6,2037,5104968.0,0.0,1843030.6993055556,0,1292372,8240370.699305556
6,6,2038,5104968.0,0.0,3426718.213324074,0,1600529,10132215.213324074
6,6,2039,5104968.0,0.0,1772195.5587962964,0,1554916,8432079.558796296
6,6,2040,5118954.21369863,0.0,3447848.6311574075,0,1594992,10161794.844856039
6,6,2041,5104968.0,0.0,1548794.6824074073,0,1436739,8090501.682407407
6,6,2042,5104968.0,0.0,2289090.2845555553,0,1516685,8910743.284555554
6,6,2043,5104968.0,0.0,1843188.100462963,0,1379137,8327293.100462963
6,6,2044,5118954.21369863,0.0,1552635.2872685185,0,1368989,8040578.500967149
6,6,2045,5104968.0,0.0,1695991.7085648149,0,1473864,8274823.708564815
6,6,2046,5104968.0,0.0,1548793.8817129629,0,1422573,8076334.881712963
7,7,2017,5104968.0,0.0,1459541.1118055556,0,778821,7343330.111805555
7,7,2018,5104968.0,0.0,1695990.5164351852,0,1473861,8274819.516435185
7,7,2019,5104968.0,0.0,1548793.642361111,0,1389503,8043264.642361111
7,7,2020,5118954.21369863,0.0,1552634.2287037037,0,1417700,8089288.442402334
7,7,2021,5104968.0,0.0,1695990.2243055555,0,1800313,8601271.224305555
7,7,2022,5104968.0,0.0,1843186.1708333334,0,1318038,8266192.170833333
7,7,2023,5104968.0,0.0,2490358.0785,0,1597865,9193191.078499999
7,7,2024,5118954.21369863,0.0,1699831.4722222222,0,1500413,8319198.685920852
7,7,2025,5104968.0,0.0,2540923.194175926,0,1830608,9476499.194175925
7,7,2026,5104968.0,0.0,2321105.9523703703,0,1408377,8834450.95237037
7,7,2027,5104968.0,0.0,2366077.893824074,0,1527651,8998696.893824074
7,7,2028,5118954.21369863,0.0,1699830.6208333333,0,1515904,8334688.834531964
7,7,2029,5104968.0,0.0,1695991.5789351852,0,1488658,8289617.578935185
7,7,2030,5104968.0,0.0,3470345.6071666665,0,1934113,10509426.607166667
7,7,2031,5104968.0,0.0,1695989.4347222222,0,1081162,7882119.434722222
7,7,2032,5118954.21369863,0.0,1699830.242361111,0,1587307,8406091.45605974
7,7,2033,5104968.0,0.0,1806842.5747685186,0,1290418,8202228.574768519
7,7,2034,5104968.0,0.0,1732333.6550925926,0,1105732,7943033.655092592
7,7,2035,5104968.0,0.0,2355120.5760925924,0,1579552,9039640.576092593
7,7,2036,5118954.21369863,0.0,1699830.8425925926,0,1239909,8058694.056291223
7,7,2037,5104968.0,0.0,1695989.8247685186,0,1173811,7974768.824768519
7,7,2038,5104968.0,0.0,1695991.1118055556,0,1540983,8341942.111805555
7,7,2039,5104968.0,0.0,1695989.7136574076,0,1254694,8055651.713657407
7,7,2040,5118954.21369863,0.0,1699830.9641203703,0,1768917,8587702.177819
7,7,2041,5104968.0,0.0,1368011.4594907407,0,1192265,7665244.459490741
7,7,2042,5104968.0,0.0,2671859.686574074,0,1696067,9472894.686574074
7,7,2043,5104968.0,0.0,1548794.8287037036,0,1111380,7765142.828703703
7,7,2044,5118954.21369863,0.0,1699829.6722222222,0,1655544,8474327.885920852
7,7,2045,5104968.0,0.0,1695991.9136574075,0,1514558,8315517.913657407
7,7,2046,5104968.0,0.0,1843186.7881944445,0,1563162,8511316.788194444
8,8,2017,5104968.0,0.0,1408579.0523148149,0,743297,7256844.052314815
8,8,2018,5104968.0,0.0,1695990.4506944444,0,1784575,8585533.450694444
8,8,2019,5104968.0,0.0,2401263.1278981483,0,1496812,9003043.12789815
8,8,2020,5118954.21369863,0.0,1552635.0513888889,0,1517006,8188595.265087519
8,8,2021,5104968.0,0.0,2483476.6680462966,0,1472239,9060683.668046296
8,8,2022,5104968.0,0.0,1695990.6090277778,0,1838563,8639521.609027777
8,8,2023,5104968.0,0.0,1548794.438425926,0,1519109,8172871.4384259265
8,8,2024,5118954.21369863,0.0,1552634.2886574075,0,1314081,7985669.5023560375
8,8,2025,5104968.0,0.0,1695989.536574074,0,1328128,8129085.536574074
8,8,2026,5104968.0,0.0,2491032.348462963,0,1610958,9206958.348462963
8,8,2027,5104968.0,0.0,2545449.3783888887,0,1668296,9318713.37838889
8,8,2028,5118954.21369863,0.0,1847026.437037037,0,1340918,8306898.650735667
8,8,2029,5104968.0,0.0,1548795.0064814815,0,1544894,8198657.006481482
8,8,2030,5104968.0,0.0,1695990.6409722222,0,1806583,8607541.640972223
8,8,2031,5104968.0,0.0,2469631.42637963,0,1824310,9398909.42637963
8,8,2032,5118954.21369863,0.0,1552634.1756944444,0,1508301,8179889.389393074
8,8,2033,5104968.0,0.0,2326469.6987962965,0,1421019,8852456.698796296
8,8,2034,5104968.0,0.0,1990379.3863425925,0,1518765,8614112.386342593
8,8,2035,5104968.0,0.0,1401598.3606481482,0,975056,7481622.360648148
8,8,2036,5118954.21369863,0.0,2489403.8276203703,0,1586522,9194880.041319001
8,8,2037,5104968.0,0.0,1695989.5907407408,0,1574868,8375825.59074074
8,8,2038,5104968.0,0.0,2493345.663324074,0,1868268,9466581.663324073
8,8,2039,5104968.0,0.0,1772194.9016203703,0,1872695,8749857.90162037
8,8,2040,5118954.21369863,0.0,1699830.3143518518,0,1030183,7848967.528050482
8,8,2041,5104968.0,0.0,1695990.306712963,0,1625082,8426040.306712963
8,8,2042,5104968.0,0.0,1695989.8590277778,0,1162293,7963250.859027778
8,8,2043,5104968.0,0.0,1695989.9997685186,0,1432700,8233657.999768519
8,8,2044,5118954.21369863,0.0,1699831.362962963,0,1744623,8563408.576661594
8,8,2045,5104968.0,0.0,1548793.5657407409,0,1289057,7942818.565740741
8,8,2046,5104968.0,0.0,2270521.1838703705,0,1453050,8828539.183870371
9,9,2017,5104968.0,0.0,1445934.8729166668,0,780108,7331010.872916667
9,9,2018,5104968.0,0.0,1695990.3284722222,0,1826191,8627149.328472223
9,9,2019,5104968.0,0.0,1695990.29375,0,1759464,8560422.29375
9,9,2020,5118954.21369863,0.0,1405438.3284722222,0,1079283,7603675.542170852
9,9,2021,5104968.0,0.0,2486415.6033703703,0,1529075,9120458.60337037
9,9,2022,5104968.0,0.0,1691070.40625,0,1358789,8154827.40625
9,9,2023,5104968.0,0.0,1548793.6935185185,0,1494007,8147768.6935185185
9,9,2024,5118954.21369863,0.0,1552634.1421296296,0,1106470,7778058.35582826
9,9,2025,5104968.0,0.0,1842913.0569444445,0,1618457,8566338.056944445
9,9,2026,5104968.0,0.0,1548794.4837962964,0,1523936,8177698.483796297
9,9,2027,5104968.0,0.0,1695988.9356481482,0,1483681,8284637.935648148
9,9,2028,5118954.21369863,0.0,1699830.6150462963,0,1471244,8290028.8287449265
9,9,2029,5104968.0,0.0,2346811.632111111,0,1337455,8789234.632111112
9,9,2030,5104968.0,0.0,1624999.2101851853,0,1854309,8584276.210185185
9,9,2031,5104968.0,0.0,1843187.187962963,0,1242161,8190316.187962963
9,9,2032,5118954.21369863,0.0,1699830.1569444444,0,1341604,8160388.370643075
9,9,2033,5104968.0,0.0,1548794.683101852,0,1176976,7830738.6831018515
9,9,2034,5104968.0,0.0,1695989.5127314816,0,1551271,8352228.512731481
9,9,2035,5104968.0,0.0,2453226.3103703703,0,1202025,8760219.31037037
9,9,2036,5118954.21369863,0.0,2303072.847240741,0,1582048,9004075.060939372
9,9,2037,5104968.0,0.0,1695991.2238425927,0,1318956,8119915.223842593
9,9,2038,5104968.0,0.0,1548794.5425925925,0,1343252,7997014.542592593
9,9,2039,5104968.0,0.0,1695990.8300925926,0,1376811,8177769.830092592
9,9,2040,5118954.21369863,0.0,1699829.3671296297,0,1760398,8579181.58082826
9,9,2041,5104968.0,0.0,1695989.606712963,0,1193237,7994194.606712963
9,9,2042,5104968.0,0.0,2510641.871314815,0,1547417,9163026.871314814
9,9,2043,5104968.0,0.0,1401598.3152777778,0,823789,7330355.315277778
9,9,2044,5118954.21369863,0.0,1847026.1759259258,0,1434100,8400080.389624557
9,9,2045,5104968.0,0.0,1548794.0481481482,0,1167016,7820778.048148148
9,9,2046,5104968.0,0.0,1843185.9074074074,0,993602,7941755.907407408
10,10,2017,5104968.0,0.0,1466754.5958333334,0,781332,7353054.595833333
10,10,2018,5104968.0,0.0,1695991.2965277778,0,1401941,8202900.296527778
10,10,2019,5104968.0,0.0,1695989.695138889,0,1170349,7971306.695138888
10,10,2020,5118954.21369863,0.0,1552634.3699074073,0,1423999,8095587.583606037
10,10,2021,5104968.0,0.0,2406194.1901018517,0,1751781,9262943.19010185
10,10,2022,5104968.0,0.0,1772193.9983796296,0,1802250,8679411.99837963
10,10,2023,5104968.0,0.0,2479632.1685740743,0,1060299,8644899.168574074
10,10,2024,5118954.21369863,0.0,2348732.5554537037,0,1892661,9360347.769152334
10,10,2025,5104968.0,0.0,3189806.6071296297,0,1590978,9885752.60712963
10,10,2026,5104968.0,0.0,1548794.1851851852,0,1493472,8147234.185185185
10,10,2027,5104968.0,0.0,1843188.2493055556,0,1883120,8831276.249305556
10,10,2028,5118954.21369863,0.0,1699829.3435185186,0,1647964,8466747.557217149
10,10,2029,5104968.0,0.0,1548793.2782407408,0,1273946,7927707.27824074
10,10,2030,5104968.0,0.0,1843188.3217592593,0,1738695,8686851.32175926
10,10,2031,5104968.0,0.0,1695990.343287037,0,1074038,7874996.343287037
10,10,2032,5118954.21369863,0.0,1699831.219675926,0,1829814,8648599.433374556
10,10,2033,5104968.0,0.0,1548795.1053240742,0,1399347,8053110.105324075
10,10,2034,5104968.0,0.0,1548793.8189814815,0,911795,7565556.818981482
10,10,2035,5104968.0,0.0,2751743.378814815,0,2161362,10018073.378814815
10,10,2036,5118954.21369863,0.0,2430865.313898148,0,1143468,8693287.52759678
10,10,2037,5104968.0,0.0,2451610.0493240743,0,1331203,8887781.049324075
10,10,2038,5104968.0,0.0,1548793.9097222222,0,1399606,8053367.909722222
10,10,2039,5104968.0,0.0,1695989.8747685186,0,1284380,8085337.874768519
10,10,2040,5118954.21369863,0.0,1699831.2627314816,0,1256315,8075100.476430112
10,10,2041,5104968.0,0.0,1695989.3018518519,0,1456050,8257007.301851852
10,10,2042,5104968.0,0.0,1548794.0289351852,0,1408077,8061839.028935185
10,10,2043,5104968.0,0.0,1548794.2462962964,0,1593178,8246940.246296296
10,10,2044,5118954.21369863,0.0,1699829.558101852,0,1376598,8195381.771800483
10,10,2045,5104968.0,0.0,1695989.335185185,0,1052135,7853092.335185185
10,10,2046,5104968.0,0.0,1695989.7002314816,0,1542888,8343845.700231481
11,11,2017,5104968.0,0.0,1491704.4967592594,0,774502,7371174.496759259
11,11,2018,5104968.0,0.0,2643227.645555556,0,1789073,9537268.645555556
11,11,2019,5104968.0,0.0,2395520.447842593,0,1527653,9028141.447842592
11,11,2020,5118954.21369863,0.0,1699829.7159722222,0,1327752,8146535.929670853
11,11,2021,5104968.0,0.0,1548794.3877314816,0,1161787,7815549.387731481
11,11,2022,5104968.0,0.0,2490145.698138889,0,1882689,9477802.698138889
11,11,2023,5104968.0,0.0,1695989.6912037036,0,1935294,8736251.691203704
11,11,2024,5118954.21369863,0.0,1552633.4,0,1560758,8232345.61369863
11,11,2025,5104968.0,0.0,2293176.0053518517,0,1497355,8895499.005351853
11,11,2026,5104968.0,0.0,1695989.5831018519,0,1419137,8220094.583101852
11,11,2027,5104968.0,0.0,1695990.0474537038,0,1567331,8368289.047453703
11,11,2028,5118954.21369863,0.0,2510688.672,0,1432312,9061954.88569863
11,11,2029,5104968.0,0.0,1548793.4155092593,0,1417963,8071724.415509259
11,11,2030,5104968.0,0.0,2342807.0321944444,0,1434317,8882092.032194445
11,11,2031,5104968.0,0.0,2552033.4604814816,0,1880994,9537995.460481482
11,11,2032,5118954.21369863,0.0,1699830.1886574074,0,1384167,8202951.402356038
11,11,2033,5104968.0,0.0,1548794.9909722223,0,1028534,7682296.990972223
11,11,2034,5104968.0,0.0,1548793.5775462964,0,1716188,8369949.577546297
11,11,2035,5104968.0,0.0,2548493.151972222,0,1349071,9002532.151972223
11,11,2036,5118954.21369863,0.0,2516322.754472222,0,1576160,9211436.968170851
11,11,2037,5104968.0,0.0,1695988.6381944444,0,1300857,8101813.638194445
11,11,2038,5104968.0,0.0,1695988.1421296296,0,1572323,8373279.14212963
11,11,2039,5104968.0,0.0,1695990.5217592593,0,1871950,8672908.521759259
11,11,2040,5118954.21369863,0.0,1699830.5363425927,0,1917758,8736542.750041222
11,11,2041,5104968.0,0.0,1695990.5488425926,0,1794373,8595331.548842592
11,11,2042,5104968.0,0.0,1695989.476851852,0,1786284,8587241.476851853
11,11,2043,5104968.0,0.0,1548793.9648148147,0,1249938,7903699.964814815
11,11,2044,5118954.21369863,0.0,1847026.813425926,0,1073460,8039441.027124556
11,11,2045,5104968.0,0.0,1548794.380324074,0,1539837,8193599.380324074
11,11,2046,5104968.0,0.0,1548794.468287037,0,1078103,7731865.468287037
12,12,2017,5104968.0,0.0,1680823.786111111,0,903816,7689607.786111111
12,12,2018,5104968.0,0.0,1548793.7180555556,0,1535037,8188798.718055556
12,12,2019,5104968.0,0.0,2498958.8936203704,0,1503424,9107350.89362037
12,12,2020,5118954.21369863,0.0,2440539.087,0,1435591,8995084.30069863
12,12,2021,5104968.0,0.0,1548794.463888889,0,1356825,8010587.463888889
12,12,2022,5104968.0,0.0,2480677.677,0,1630870,9216515.677000001
12,12,2023,5104968.0,0.0,1695990.772685185,0,1564238,8365196.772685185
12,12,2024,5118954.21369863,0.0,2502228.5192314815,0,1259041,8880223.732930113
12,12,2025,5104968.0,0.0,1548793.225,0,1391962,8045723.225
12,12,2026,5104968.0,0.0,1695991.3407407408,0,1563789,8364748.34074074
12,12,2027,5104968.0,0.0,2461688.162361111,0,1449388,9016044.162361111
12,12,2028,5118954.21369863,0.0,1847026.5569444445,0,1452176,8418156.770643074
12,12,2029,5104968.0,0.0,1548793.9775462963,0,1061466,7715227.977546296
12,12,2030,5104968.0,0.0,1843184.0108796295,0,1984175,8932327.01087963
12,12,2031,5104968.0,0.0,2508030.1341574076,0,1033813,8646811.134157408
12,12,2032,5118954.21369863,0.0,1699829.1791666667,0,1052828,7871611.392865296
12,12,2033,5104968.0,0.0,1695990.295138889,0,1696303,8497261.295138888
12,12,2034,5104968.0,0.0,1695989.9699074074,0,1259833,8060790.969907408
12,12,2035,5104968.0,0.0,3390796.9363703704,0,1965339,10461103.93637037
12,12,2036,5118954.21369863,0.0,1552634.507175926,0,1389644,8061232.720874556
12,12,2037,5104968.0,0.0,2385609.7773148147,0,1492528,8983105.777314816
12,12,2038,5104968.0,0.0,2550697.1251574075,0,1220452,8876117.125157408
12,12,2039,5104968.0,0.0,1548794.2680555556,0,1497152,8150914.268055555
12,12,2040,5118954.21369863,0.0,1847024.9268518519,0,1452902,8418881.140550483
12,12,2041,5104968.0,0.0,1548324.2131944445,0,1450794,8104086.213194445
12,12,2042,5104968.0,0.0,1843185.4789351851,0,1180907,8129060.478935185
12,12,2043,5104968.0,0.0,1548795.1981481481,0,1447751,8101514.198148148
12,12,2044,5118954.21369863,0.0,1552634.790972222,0,1420966,8092555.004670853
12,12,2045,5104968.0,0.0,1695989.312037037,0,1586246,8387203.312037037
12,12,2046,5104968.0,0.0,3283249.975361111,0,1222818,9611035.97536111
13,13,2017,5104968.0,0.0,2318827.992546296,0,826711,8250506.992546296
13,13,2018,5104968.0,0.0,1695990.7252314815,0,1456820,8257778.725231482
13,13,2019,5104968.0,0.0,2197393.2869814816,0,1380378,8682739.286981482
13,13,2020,5118954.21369863,0.0,2669541.57975,0,1931404,9719899.79344863
13,13,2021,5104968.0,0.0,1695988.7858796297,0,1501315,8302271.78587963
13,13,2022,5104968.0,0.0,2318175.0612407406,0,1501901,8925044.06124074
13,13,2023,5104968.0,0.0,2682979.011138889,0,1822867,9610814.01113889
13,13,2024,5118954.21369863,0.0,1552633.8541666667,0,1211235,7882823.067865297
13,13,2025,5104968.0,0.0,1548794.0284722222,0,1799899,8453661.028472222
13,13,2026,5104968.0,0.0,1695990.7375,0,1019212,7820170.7375
13,13,2027,5104968.0,0.0,1548794.0828703705,0,973943,7627705.082870371
13,13,2028,5118954.21369863,0.0,1552634.7243055555,0,1753864,8425452.938004186
13,13,2029,5104968.0,0.0,1695991.1407407408,0,1147066,7948025.140740741
13,13,2030,5104968.0,0.0,2500902.293740741,0,1327170,8933040.293740742
13,13,2031,5104968.0,0.0,1843185.087962963,0,1578358,8526511.087962963
13,13,2032,5118954.21369863,0.0,1552634.9511574074,0,1421175,8092764.164856037
13,13,2033,5104968.0,0.0,1695989.3532407407,0,1837936,8638893.353240741
13,13,2034,5104968.0,0.0,2218034.489962963,0,1071031,8394033.489962963
13,13,2035,5104968.0,0.0,1695989.7467592594,0,1524907,8325864.746759259
13,13,2036,5118954.21369863,0.0,1847026.5238425927,0,1859941,8825921.737541223
13,13,2037,5104968.0,0.0,1548793.4881944444,0,1357251,8011012.488194444
13,13,2038,5104968.0,0.0,1695989.6210648147,0,1455593,8256550.621064815
13,13,2039,5104968.0,0.0,1843185.9833333334,0,1656144,8604297.983333334
13,13,2040,5118954.21369863,0.0,1552634.2122685185,0,1797639,8469227.42596715
13,13,2041,5104968.0,0.0,1548794.7372685184,0,779246,7433008.737268519
13,13,2042,5104968.0,0.0,1548793.6791666667,0,1517424,8171185.679166667
13,13,2043,5104968.0,0.0,2564468.5753796296,0,1506645,9176081.575379629
13,13,2044,5118954.21369863,0.0,1699829.7537037036,0,1248203,8066986.967402333
13,13,2045,5104968.0,0.0,1548793.99375,0,1325807,7979568.99375
13,13,2046,5104968.0,0.0,1695989.3097222222,0,1842606,8643563.309722222
14,14,2017,5104968.0,0.0,1523815.071064815,0,716184,7344967.071064815
14,14,2018,5104968.0,0.0,1695990.280787037,0,1144615,7945573.280787037
14,14,2019,5104968.0,0.0,3355411.2063703705,0,1936618,10396997.20637037
14,14,2020,5118954.21369863,0.0,1552634.258564815,0,1399205,8070793.472263445
14,14,2021,5104968.0,0.0,1695989.3581018518,0,1152228,7953185.358101852
14,14,2022,5104968.0,0.0,1548794.1627314815,0,1426340,8080102.162731482
14,14,2023,5104968.0,0.0,1695989.2606481481,0,1549286,8350243.260648148
14,14,2024,5118954.21369863,0.0,1663215.4523148148,0,1935193,8717362.666013446
14,14,2025,5104968.0,0.0,1585407.7895833333,0,1045934,7736309.789583333
14,14,2026,5104968.0,0.0,1695990.6317129629,0,1841195,8642153.631712962
14,14,2027,5104968.0,0.0,1548794.8958333333,0,1410183,8063945.895833333
14,14,2028,5118954.21369863,0.0,1519047.0918981482,0,1549356,8187357.305596778
14,14,2029,5104968.0,0.0,1729576.6525462964,0,1432480,8267024.652546296
14,14,2030,5104968.0,0.0,2461079.1665462963,0,1318243,8884290.166546296
14,14,2031,5104968.0,0.0,1695991.0106481481,0,1300916,8101875.010648148
14,14,2032,5118954.21369863,0.0,1552633.125462963,0,1315785,7987372.3391615935
14,14,2033,5104968.0,0.0,1548794.5351851853,0,891785,7545547.535185185
14,14,2034,5104968.0,0.0,1695990.6226851852,0,1570809,8371767.622685185
14,14,2035,5104968.0,0.0,2679606.781175926,0,1818790,9603364.781175926
14,14,2036,5118954.21369863,0.0,1552635.443287037,0,1181683,7853272.6569856675
14,14,2037,5104968.0,0.0,1695989.9671296296,0,1758545,8559502.96712963
14,14,2038,5104968.0,0.0,1695989.9222222222,0,1278848,8079805.922222222
14,14,2039,5104968.0,0.0,1548794.5349537036,0,1496298,8150060.534953704
14,14,2040,5118954.21369863,0.0,3060255.0442314814,0,1469482,9648691.257930111
14,14,2041,5104968.0,0.0,1695991.0877314815,0,2070594,8871553.08773148
14,14,2042,5104968.0,0.0,1695991.052777778,0,1392345,8193304.052777778
14,14,2043,5104968.0,0.0,2542164.085824074,0,1545504,9192636.085824074
14,14,2044,5118954.21369863,0.0,2446553.515212963,0,1335933,8901440.728911594
14,14,2045,5104968.0,0.0,3370934.896138889,0,1592893,10068795.896138888
14,14,2046,5104968.0,0.0,2379126.923564815,0,1478559,8962653.923564814
15,15,2017,5104968.0,0.0,2308693.1258796295,0,876466,8290127.1258796295
15,15,2018,5104968.0,0.0,1695991.2671296296,0,1550643,8351602.26712963
15,15,2019,5104968.0,0.0,1548795.007638889,0,1463151,8116914.007638888
15,15,2020,5118954.21369863,0.0,1552634.3944444444,0,1748176,8419764.608143074
15,15,2021,5104968.0,0.0,1695992.0479166666,0,1185822,7986782.047916667
15,15,2022,5104968.0,0.0,1548794.3395833333,0,1360150,8013912.339583334
15,15,2023,5104968.0,0.0,1548794.4662037038,0,1558799,8212561.466203704
15,15,2024,5118954.21369863,0.0,1699829.8543981481,0,1502034,8320818.068096778
15,15,2025,5104968.0,0.0,1695990.3277777778,0,1052009,7852967.327777778
15,15,2026,5104968.0,0.0,1695991.4453703703,0,1910588,8711547.44537037
15,15,2027,5104968.0,0.0,1695990.9807870372,0,1710545,8511503.980787037
15,15,2028,5118954.21369863,0.0,1405438.3321759258,0,986942,7511334.5458745565
15,15,2029,5104968.0,0.0,1695988.3324074075,0,1619506,8420462.332407407
15,15,2030,5104968.0,0.0,1695991.056712963,0,1146076,7947035.056712963
15,15,2031,5104968.0,0.0,1695990.79375,0,1784602,8585560.79375
15,15,2032,5118954.21369863,0.0,1552633.913888889,0,1535949,8207537.12758752
15,15,2033,5104968.0,0.0,2473011.3673796295,0,1294451,8872430.36737963
15,15,2034,5104968.0,0.0,2341816.82725,0,1607809,9054593.82725
15,15,2035,5104968.0,0.0,1843185.8372685185,0,1429727,8377880.837268518
15,15,2036,5118954.21369863,0.0,1699829.3969907407,0,1518211,8336994.610689371
15,15,2037,5104968.0,0.0,2339085.8114351854,0,1532240,8976293.811435185
15,15,2038,5104968.0,0.0,2475505.241564815,0,1702088,9282561.241564814
15,15,2039,5104968.0,0.0,1695991.0962962962,0,1522961,8323920.096296296
15,15,2040,5118954.21369863,0.0,1405438.3631944444,0,1028374,7552766.576893074
15,15,2041,5104968.0,0.0,1695989.318287037,0,1882491,8683448.318287037
15,15,2042,5104968.0,0.0,1695445.5335648148,0,1786984,8587397.533564815
15,15,2043,5104968.0,0.0,1548793.2837962962,0,1142436,7796197.283796296
15,15,2044,5118954.21369863,0.0,2465340.6797685185,0,1561364,9145658.893467149
15,15,2045,5104968.0,0.0,1843184.4043981482,0,1684882,8633034.404398149
15,15,2046,5104968.0,0.0,1548794.651851852,0,1612108,8265870.6518518515
16,16,2017,5104968.0,0.0,1646849.789814815,0,882544,7634361.789814815
16,16,2018,5104968.0,0.0,1515207.119212963,0,1456433,8076608.119212963
16,16,2019,5104968.0,0.0,2967921.8468055553,0,1461945,9534834.846805556
16,16,2020,5118954.21369863,0.0,2177400.204814815,0,1059392,8355746.418513445
16,16,2021,5104968.0,0.0,1695990.949537037,0,1737610,8538568.949537037
16,16,2022,5104968.0,0.0,2295822.253074074,0,1633981,9034771.253074074
16,16,2023,5104968.0,0.0,1695990.7254629629,0,1305903,8106861.725462963
16,16,2024,5118954.21369863,0.0,1552634.867824074,0,1212049,7883638.081522704
16,16,2025,5104968.0,0.0,1695990.74375,0,1352499,8153457.74375
16,16,2026,5104968.0,0.0,1695989.4064814814,0,1764199,8565156.406481482
16,16,2027,5104968.0,0.0,1693241.1497685185,0,1815916,8614125.149768518
16,16,2028,5118954.21369863,0.0,1552634.8599537038,0,1344073,8015662.0736523345
16,16,2029,5104968.0,0.0,2552282.272462963,0,1359213,9016463.272462964
16,16,2030,5104968.0,0.0,1695988.401388889,0,1445628,8246584.401388889
16,16,2031,5104968.0,0.0,1695988.0039351853,0,1631221,8432177.003935184
16,16,2032,5118954.21369863,0.0,2493002.4233055557,0,1550260,9162216.637004185
16,16,2033,5104968.0,0.0,1843185.6090277778,0,1222742,8170895.609027778
16,16,2034,5104968.0,0.0,2426172.1520555555,0,1631584,9162724.152055556
16,16,2035,5104968.0,0.0,1695989.8148148148,0,1242457,8043414.814814815
16,16,2036,5118954.21369863,0.0,1699830.875,0,1172219,7991004.08869863
16,16,2037,5104968.0,0.0,3418441.0385462963,0,1364813,9888222.038546296
16,16,2038,5104968.0,0.0,2482362.8550185184,0,1486341,9073671.855018519
16,16,2039,5104968.0,0.0,2934052.3729814817,0,1815379,9854399.372981481
16,16,2040,5118954.21369863,0.0,2004649.7400462963,0,1133826,8257429.9537449265
16,16,2041,5104968.0,0.0,1695988.9912037037,0,1504365,8305321.991203704
16,16,2042,5104968.0,0.0,1695990.3648148149,0,1374047,8175005.364814815
16,16,2043,5104968.0,0.0,1695989.4587962963,0,1610245,8411202.458796296
16,16,2044,5118954.21369863,0.0,2272210.563240741,0,1458688,8849852.776939372
16,16,2045,5104968.0,0.0,1848399.2351851852,0,1234653,8188020.235185185
16,16,2046,5104968.0,0.0,1843185.6046296295,0,2023709,8971862.60462963
17,17,2017,5104968.0,0.0,1547437.5935185186,0,723181,7375586.593518519
17,17,2018,5104968.0,0.0,1695990.2148148147,0,1452216,8253174.214814815
17,17,2019,5104968.0,0.0,3238497.992314815,0,1601404,9944869.992314816
17,17,2020,5118954.21369863,0.0,1552634.0655092592,0,1831012,8502600.279207889
17,17,2021,5104968.0,0.0,2487252.836648148,0,1177622,8769842.836648148
17,17,2022,5104968.0,0.0,1695989.8400462964,0,1566835,8367792.840046296
17,17,2023,5104968.0,0.0,1548794.4162037037,0,1158617,7812379.416203704
17,17,2024,5118954.21369863,0.0,1552635.255324074,0,1715473,8387062.469022704
17,17,2025,5104968.0,0.0,1695988.6365740742,0,1205848,8006804.636574075
17,17,2026,5104968.0,0.0,2288024.975537037,0,1490333,8883325.975537037
17,17,2027,5104968.0,0.0,1843184.3002314814,0,1693038,8641190.300231481
17,17,2028,5118954.21369863,0.0,1699831.6131944444,0,1217012,8035797.826893074
17,17,2029,5104968.0,0.0,2660040.3702314813,0,1178153,8943161.370231481
17,17,2030,5104968.0,0.0,1695988.5474537036,0,1653105,8454061.547453703
17,17,2031,5104968.0,0.0,1695991.482638889,0,1116953,7917912.482638889
17,17,2032,5118954.21369863,0.0,2323181.8845092594,0,1475933,8918069.09820789
17,17,2033,5104968.0,0.0,1843185.76875,0,1736091,8684244.76875
17,17,2034,5104968.0,0.0,1695989.9787037037,0,1162359,7963316.978703704
17,17,2035,5104968.0,0.0,2367973.9629722224,0,1651216,9124157.962972222
17,17,2036,5118954.21369863,0.0,1552634.638425926,0,1376564,8048152.852124556
17,17,2037,5104968.0,0.0,1695989.536574074,0,1206543,8007500.536574074
17,17,2038,5104968.0,0.0,2449893.532611111,0,1514689,9069550.532611111
17,17,2039,5104968.0,0.0,2658024.04812037,0,1449804,9212796.04812037
17,17,2040,5118954.21369863,0.0,1847026.1236111112,0,2091797,9057777.33730974
17,17,2041,5104968.0,0.0,1843187.367361111,0,1369669,8317824.367361112
17,17,2042,5104968.0,0.0,1401598.4043981482,0,1107718,7614284.404398148
17,17,2043,5104968.0,0.0,1695990.6988425925,0,1345572,8146530.698842593
17,17,2044,5118954.21369863,0.0,2448511.227324074,0,1568799,9136264.441022705
17,17,2045,5104968.0,0.0,1659648.0488425926,0,1641291,8405907.048842592
17,17,2046,5104968.0,0.0,1879529.1099537036,0,1172654,8157151.109953703
18,18,2017,5104968.0,0.0,2420898.0585555555,0,924507,8450373.058555555
18,18,2018,5104968.0,0.0,2416160.003462963,0,1297565,8818693.003462963
18,18,2019,5104968.0,0.0,2610441.5461574076,0,1624832,9340241.546157409
18,18,2020,5118954.21369863,0.0,1699829.3025462963,0,1403747,8222530.5162449265
18,18,2021,5104968.0,0.0,1548794.1236111112,0,1377544,8031306.123611111
18,18,2022,5104968.0,0.0,1548793.2844907406,0,1494908,8148669.284490741
18,18,2023,5104968.0,0.0,1695988.5245370371,0,1417223,8218179.524537037
18,18,2024,5118954.21369863,0.0,1552633.3581018518,0,1461434,8133021.5718004815
18,18,2025,5104968.0,0.0,1548794.1493055555,0,1144553,7798315.149305556
18,18,2026,5104968.0,0.0,1695990.7108796297,0,1417850,8218808.7108796295
18,18,2027,5104968.0,0.0,2432142.0386944446,0,1598764,9135874.038694445
18,18,2028,5118954.21369863,0.0,1699829.6858796296,0,1630914,8449697.89957826
18,18,2029,5104968.0,0.0,2632662.776,0,1409419,9147049.776
18,18,2030,5104968.0,0.0,1695990.1182870371,0,1508441,8309399.118287037
18,18,2031,5104968.0,0.0,1695990.4993055556,0,1360791,8161749.499305556
18,18,2032,5118954.21369863,0.0,1552635.312962963,0,1455712,8127301.5266615935
18,18,2033,5104968.0,0.0,2498214.6011574073,0,1638027,9241209.601157408
18,18,2034,5104968.0,0.0,1695989.6219907408,0,1338520,8139477.62199074
18,18,2035,5104968.0,0.0,1695989.6868055556,0,1749952,8550909.686805556
18,18,2036,5118954.21369863,0.0,1699829.3784722222,0,1528704,8347487.592170852
18,18,2037,5104968.0,0.0,1548793.2289351851,0,1355173,8008934.228935185
18,18,2038,5104968.0,0.0,1548794.3462962962,0,1322321,7976083.346296296
18,18,2039,5104968.0,0.0,1695989.9972222222,0,1511803,8312760.997222222
18,18,2040,5118954.21369863,0.0,1699829.7844907409,0,1832493,8651276.998189371
18,18,2041,5104968.0,0.0,2337052.836925926,0,1306948,8748968.836925926
18,18,2042,5104968.0,0.0,1843186.4583333333,0,1579408,8527562.458333334
18,18,2043,5104968.0,0.0,1843185.8770833334,0,1344628,8292781.877083333
18,18,2044,5118954.21369863,0.0,1847025.4180555556,0,1693839,8659818.631754186
18,18,2045,5104968.0,0.0,1401598.337962963,0,964514,7471080.337962963
18,18,2046,5104968.0,0.0,1806493.5849537037,0,2317608,9229069.584953703
19,19,2017,5104968.0,0.0,2253580.414712963,0,813890,8172438.414712964
19,19,2018,5104968.0,0.0,1695988.8277777778,0,1473610,8274566.827777778
19,19,2019,5104968.0,0.0,1548795.0969907409,0,1425638,8079401.096990741
19,19,2020,5118954.21369863,0.0,1552633.911111111,0,1819190,8490778.124809742
19,19,2021,5104968.0,0.0,1695989.433101852,0,1440846,8241803.4331018515
19,19,2022,5104968.0,0.0,1548793.8736111112,0,1496667,8150428.873611111
19,19,2023,5104968.0,0.0,1548794.3354166667,0,791646,7445408.335416667
19,19,2024,5118954.21369863,0.0,2581276.6848333334,0,1571188,9271418.898531964
19,19,2025,5104968.0,0.0,2472635.3889722223,0,1538751,9116354.388972223
19,19,2026,5104968.0,0.0,3251293.9032777776,0,1422676,9778937.903277777
19,19,2027,5104968.0,0.0,2662562.6159074074,0,1605201,9372731.615907408
19,19,2028,5118954.21369863,0.0,1552633.9631944445,0,1405526,8077114.176893075
19,19,2029,5104968.0,0.0,1695990.570138889,0,1462308,8263266.570138888
19,19,2030,5104968.0,0.0,1545450.3118055556,0,1383879,8034297.311805556
19,19,2031,5104968.0,0.0,1843184.1111111112,0,2069235,9017387.111111112
19,19,2032,5118954.21369863,0.0,1699830.5104166667,0,1469134,8287918.724115297
19,19,2033,5104968.0,0.0,2532445.6039814814,0,1274834,8912247.603981482
19,19,2034,5104968.0,0.0,2271305.7804907407,0,1793274,9169547.780490741
19,19,2035,5104968.0,0.0,1548794.2701388889,0,1085263,7739025.270138889
19,19,2036,5118954.21369863,0.0,1699241.7439814815,0,1355446,8173641.957680112
19,19,2037,5104968.0,0.0,1695989.7502314816,0,1938827,8739784.750231482
19,19,2038,5104968.0,0.0,1695990.3296296296,0,1797153,8598111.32962963
19,19,2039,5104968.0,0.0,1695990.8266203704,0,1410220,8211178.82662037
19,19,2040,5118954.21369863,0.0,1699829.4972222222,0,1201980,8020763.710920853
19,19,2041,5104968.0,0.0,1695989.9344907408,0,1837124,8638081.93449074
19,19,2042,5104968.0,0.0,1548793.305324074,0,1241628,7895389.305324074
19,19,2043,5104968.0,0.0,2607632.634148148,0,1491128,9203728.634148147
19,19,2044,5118954.21369863,0.0,1552634.227314815,0,1227498,7899086.441013445
19,19,2045,5104968.0,0.0,2491900.2667685184,0,1126596,8723464.266768519
19,19,2046,5104968.0,0.0,1695990.5347222222,0,1503960,8304918.534722222
20,20,2017,5104968.0,0.0,1502063.9534722222,0,760489,7367520.953472222
20,20,2018,5104968.0,0.0,1695989.7023148148,0,1828854,8629811.702314815
20,20,2019,5104968.0,0.0,1548794.2993055556,0,1470765,8124527.299305555
20,20,2020,5118954.21369863,0.0,1699829.2414351853,0,1182639,8001422.455133815
20,20,2021,5104968.0,0.0,1548793.7988425926,0,1399075,8052836.798842592
20,20,2022,5104968.0,0.0,1695989.6930555555,0,1246309,8047266.693055555
20,20,2023,5104968.0,0.0,2243786.771953704,0,1442418,8791172.771953704
20,20,2024,5118954.21369863,0.0,3297817.8602962964,0,1539492,9956264.073994927
20,20,2025,5104968.0,0.0,2509847.902694444,0,1096989,8711804.902694445
20,20,2026,5104968.0,0.0,1548793.4571759258,0,1410459,8064220.457175925
20,20,2027,5104968.0,0.0,1548793.3391203703,0,1381817,8035578.33912037
20,20,2028,5118954.21369863,0.0,1699828.736574074,0,1891789,8710571.950272704
20,20,2029,5104968.0,0.0,2340449.4551388887,0,1283701,8729118.455138888
20,20,2030,5104968.0,0.0,1548794.0046296297,0,1214684,7868446.00462963
20,20,2031,5104968.0,0.0,2720273.8360277778,0,1545936,9371177.836027779
20,20,2032,5118954.21369863,0.0,1699831.1534722222,0,1789269,8608054.367170852
20,20,2033,5104968.0,0.0,1695988.382175926,0,863861,7664817.382175926
20,20,2034,5104968.0,0.0,1695989.8256944444,0,1531409,8332366.825694445
20,20,2035,5104968.0,0.0,1695989.7298611111,0,1522879,8323836.729861111
20,20,2036,5118954.21369863,0.0,2536469.272925926,0,1420363,9075786.486624556
20,20,2037,5104968.0,0.0,1695991.1532407408,0,1864670,8665629.15324074
20,20,2038,5104968.0,0.0,1401598.3675925925,0,1113434,7620000.367592593
20,20,2039,5104968.0,0.0,1695988.7233796297,0,978507,7779463.72337963
20,20,2040,5118954.21369863,0.0,1699830.8722222222,0,1442382,8261167.085920853
20,20,2041,5104968.0,0.0,1548793.9273148149,0,1527351,8181112.927314815
20,20,2042,5104968.0,0.0,1548794.526388889,0,1106293,7760055.526388889
20,20,2043,5104968.0,0.0,1695991.0111111111,0,1884116,8685075.01111111
20,20,2044,5118954.21369863,0.0,1699830.2824074074,0,1817086,8635870.496106038
20,20,2045,5104968.0,0.0,1695990.7298611111,0,1201773,8002731.729861111
20,20,2046,5104968.0,0.0,1695989.2912037037,0,1266935,8067892.291203704
21,21,2017,5104968.0,0.0,1421505.4414351853,0,811514,7337987.441435185
21,21,2018,5104968.0,0.0,1695990.138888889,0,1838538,8639496.138888888
21,21,2019,5104968.0,0.0,3328513.3142685182,0,1429591,9863072.314268518
21,21,2020,5118954.21369863,0.0,1570115.817361111,0,1089488,7778558.031059741
21,21,2021,5104968.0,0.0,1695989.9715277778,0,1487918,8288875.971527778
21,21,2022,5104968.0,0.0,1548795.1150462963,0,1422987,8076750.115046296
21,21,2023,5104968.0,0.0,1843185.008101852,0,2269068,9217221.00810185
21,21,2024,5118954.21369863,0.0,1405438.3613425926,0,982406,7506798.575041223
21,21,2025,5104968.0,0.0,1695990.0902777778,0,1608468,8409426.090277778
21,21,2026,5104968.0,0.0,1695989.575925926,0,1240919,8041876.575925926
21,21,2027,5104968.0,0.0,1695988.6847222222,0,1628041,8428997.684722222
21,21,2028,5118954.21369863,0.0,2582613.804564815,0,1545147,9246715.018263444
21,21,2029,5104968.0,0.0,2291408.9032870373,0,1440416,8836792.903287038
21,21,2030,5104968.0,0.0,1548794.2386574075,0,1399395,8053157.238657407
21,21,2031,5104968.0,0.0,1695991.8902777778,0,1600553,8401512.890277777
21,21,2032,5118954.21369863,0.0,1699830.3881944444,0,1386677,8205461.601893075
21,21,2033,5104968.0,0.0,1695989.8284722222,0,1828195,8629152.828472223
21,21,2034,5104968.0,0.0,1401598.3375,0,1005123,7511689.3375
21,21,2035,5104968.0,0.0,1695989.663425926,0,1749392,8550349.663425926
21,21,2036,5118954.21369863,0.0,1699830.774074074,0,1263693,8082477.987772704
21,21,2037,5104968.0,0.0,1695990.4280092593,0,1852021,8652979.428009259
21,21,2038,5104968.0,0.0,2578152.1788055557,0,1533251,9216371.178805556
21,21,2039,5104968.0,0.0,1548794.3956018519,0,1201187,7854949.395601852
21,21,2040,5118954.21369863,0.0,1699828.5402777777,0,1480116,8298898.753976408
21,21,2041,5104968.0,0.0,1695988.8314814814,0,1681768,8482724.831481481
21,21,2042,5104968.0,0.0,1511939.3543981481,0,1858385,8475292.354398148
21,21,2043,5104968.0,0.0,1585649.0460648148,0,1088582,7779199.046064815
21,21,2044,5118954.21369863,0.0,2436496.882962963,0,1610422,9165873.096661594
21,21,2045,5104968.0,0.0,1695989.8046296297,0,1207211,8008168.8046296295
21,21,2046,5104968.0,0.0,1548793.6493055555,0,1210075,7863836.649305556
22,22,2017,5104968.0,0.0,1514544.6784722223,0,767698,7387210.678472223
22,22,2018,5104968.0,0.0,1695990.068287037,0,1469640,8270598.068287037
22,22,2019,5104968.0,0.0,2322986.472111111,0,1585585,9013539.472111112
22,22,2020,5118954.21369863,0.0,2333804.9665833334,0,1471776,8924535.180281963
22,22,2021,5104968.0,0.0,1695990.7574074075,0,1469781,8270739.757407407
22,22,2022,5104968.0,0.0,1695990.6319444445,0,1396970,8197928.631944444
22,22,2023,5104968.0,0.0,1695989.1659722223,0,1214684,8015641.165972223
22,22,2024,5118954.21369863,0.0,2298060.7002407406,0,1776726,9193740.913939372
22,22,2025,5104968.0,0.0,1548794.6030092593,0,1425191,8078953.603009259
22,22,2026,5104968.0,0.0,1695990.1949074075,0,1135997,7936955.194907407
22,22,2027,5104968.0,0.0,2554916.7025277778,0,1568804,9228688.702527778
22,22,2028,5118954.21369863,0.0,1699830.5157407408,0,1163543,7982327.729439371
22,22,2029,5104968.0,0.0,2420740.70975,0,946718,8472426.70975
22,22,2030,5104968.0,0.0,1401598.3810185185,0,1103239,7609805.3810185185
22,22,2031,5104968.0,0.0,1695990.3939814814,0,1577032,8377990.393981481
22,22,2032,5118954.21369863,0.0,1699829.2479166668,0,1430363,8249146.461615297
22,22,2033,5104968.0,0.0,2706585.407537037,0,1599146,9410699.407537038
22,22,2034,5104968.0,0.0,1548794.2530092592,0,1518204,8171966.25300926
22,22,2035,5104968.0,0.0,1548794.1976851851,0,1166601,7820363.197685185
22,22,2036,5118954.21369863,0.0,1699831.5930555556,0,1401869,8220654.806754186
22,22,2037,5104968.0,0.0,1548793.6694444444,0,1386724,8040485.669444445
22,22,2038,5104968.0,0.0,2362910.9787962963,0,1470872,8938750.978796296
22,22,2039,5104968.0,0.0,1919392.0817129628,0,1479257,8503617.081712963
22,22,2040,5118954.21369863,0.0,1552633.8675925925,0,1343726,8015314.081291223
22,22,2041,5104968.0,0.0,1695990.4229166666,0,1214193,8015151.422916667
22,22,2042,5104968.0,0.0,1695989.1810185185,0,1900798,8701755.181018518
22,22,2043,5104968.0,0.0,3372659.7639074074,0,1662357,10139984.763907406
22,22,2044,5118954.21369863,0.0,2309608.608,0,1177630,8606192.82169863
22,22,2045,5104968.0,0.0,1695990.1935185185,0,1513188,8314146.1935185185
22,22,2046,5104968.0,0.0,2832890.180407407,0,1783339,9721197.180407407
23,23,2017,5104968.0,0.0,1511859.4777777777,0,797814,7414641.477777777
23,23,2018,5104968.0,0.0,1695989.6261574074,0,1734867,8535824.626157407
23,23,2019,5104968.0,0.0,1548795.0481481482,0,1577308,8231071.048148148
23,23,2020,5118954.21369863,0.0,2390239.560111111,0,1442750,8951943.773809742
23,23,2021,5104968.0,0.0,1695990.975,0,1304047,8105005.975
23,23,2022,5104968.0,0.0,1548794.956712963,0,1441465,8095227.956712963
23,23,2023,5104968.0,0.0,1548794.8900462964,0,1194898,7848660.890046297
23,23,2024,5118954.21369863,0.0,1698296.9717592592,0,1454028,8271279.185457889
23,23,2025,5104968.0,0.0,1548794.2194444444,0,1464199,8117961.219444444
23,23,2026,5104968.0,0.0,1843186.1256944444,0,1789919,8738073.125694444
23,23,2027,5104968.0,0.0,1695988.852314815,0,1516286,8317242.852314815
23,23,2028,5118954.21369863,0.0,1699829.8368055555,0,1221809,8040593.050504185
23,23,2029,5104968.0,0.0,1548794.0402777777,0,1333549,7987311.040277777
23,23,2030,5104968.0,0.0,1548794.219212963,0,1225914,7879676.219212963
23,23,2031,5104968.0,0.0,1695990.070601852,0,1507114,8308072.070601852
23,23,2032,5118954.21369863,0.0,1699829.9851851852,0,1500555,8319339.198883816
23,23,2033,5104968.0,0.0,1695991.1407407408,0,1188036,7988995.140740741
23,23,2034,5104968.0,0.0,3370500.6689351853,0,1514083,9989551.668935185
23,23,2035,5104968.0,0.0,1548794.3599537036,0,1425719,8079481.359953703
23,23,2036,5118954.21369863,0.0,1699830.2162037038,0,1510340,8329124.429902334
23,23,2037,5104968.0,0.0,2651295.3549444443,0,1278762,9035025.354944445
23,23,2038,5104968.0,0.0,1695989.2164351852,0,1780533,8581490.216435185
23,23,2039,5104968.0,0.0,1695989.530787037,0,1572266,8373223.530787037
23,23,2040,5118954.21369863,0.0,1552634.8358796297,0,1002176,7673765.04957826
23,23,2041,5104968.0,0.0,2374003.483324074,0,1052065,8531036.483324073
23,23,2042,5104968.0,0.0,1843185.3217592593,0,1651515,8599668.32175926
23,23,2043,5104968.0,0.0,2338228.600972222,0,1372656,8815852.600972222
23,23,2044,5118954.21369863,0.0,1699830.482175926,0,1287057,8105841.695874556
23,23,2045,5104968.0,0.0,2453832.1378796296,0,1645712,9204512.137879629
23,23,2046,5104968.0,0.0,2469097.7573796296,0,1587195,9161260.757379629
24,24,2017,5104968.0,0.0,1488722.5935185186,0,823297,7416987.593518519
24,24,2018,5104968.0,0.0,2419143.3381018518,0,1872290,9396401.338101853
24,24,2019,5104968.0,0.0,1548795.187962963,0,1350685,8004448.187962963
24,24,2020,5118954.21369863,0.0,1552634.0592592591,0,1454106,8125694.272957889
24,24,2021,5104968.0,0.0,1548794.5578703703,0,1512849,8166611.55787037
24,24,2022,5104968.0,0.0,1548794.5666666667,0,1428109,8081871.566666666
24,24,2023,5104968.0,0.0,1695480.5844907407,0,1235772,8036220.584490741
24,24,2024,5118954.21369863,0.0,1552633.9571759258,0,1511656,8183244.1708745565
24,24,2025,5104968.0,0.0,1695989.2136574073,0,1222516,8023473.213657407
24,24,2026,5104968.0,0.0,1548794.675462963,0,1512119,8165881.675462963
24,24,2027,5104968.0,0.0,2492973.6199722225,0,1673343,9271284.619972222
24,24,2028,5118954.21369863,0.0,1699830.0585648147,0,1510103,8328887.272263445
24,24,2029,5104968.0,0.0,1548793.5018518518,0,1765485,8419246.501851851
24,24,2030,5104968.0,0.0,1548793.9571759258,0,1382195,8035956.957175925
24,24,2031,5104968.0,0.0,1695990.173611111,0,1496915,8297873.173611111
24,24,2032,5118954.21369863,0.0,1699829.8541666667,0,1247353,8066137.067865297
24,24,2033,5104968.0,0.0,1695989.0034722222,0,1878780,8679737.003472222
24,24,2034,5104968.0,0.0,1695990.8148148148,0,1254658,8055616.814814815
24,24,2035,5104968.0,0.0,1695990.2939814816,0,1146817,7947775.293981481
24,24,2036,5118954.21369863,0.0,1552633.4641203703,0,1387267,8058854.677819001
24,24,2037,5104968.0,0.0,1548794.960185185,0,1159356,7813118.960185185
24,24,2038,5104968.0,0.0,2653284.638453704,0,1425391,9183643.638453703
24,24,2039,5104968.0,0.0,1695989.9701388888,0,1554056,8355013.970138889
24,24,2040,5118954.21369863,0.0,1699829.1585648148,0,1571699,8390482.372263445
24,24,2041,5104968.0,0.0,1695989.961574074,0,1525557,8326514.961574074
24,24,2042,5104968.0,0.0,1695989.7324074074,0,1214344,8015301.732407408
24,24,2043,5104968.0,0.0,2308380.199712963,0,2158216,9571564.199712962
24,24,2044,5118954.21369863,0.0,1589488.3763888888,0,1064692,7773134.590087519
24,24,2045,5104968.0,0.0,3375463.1298796297,0,2030237,10510668.12987963
24,24,2046,5104968.0,0.0,1990380.6337962963,0,1850018,8945366.633796297
25,25,2017,5104968.0,0.0,1550554.299537037,0,918825,7574347.299537037
25,25,2018,5104968.0,0.0,1548793.1532407408,0,1794848,8448609.15324074
25,25,2019,5104968.0,0.0,1695990.660648148,0,1458705,8259663.6606481485
25,25,2020,5118954.21369863,0.0,1699830.1581018518,0,1349763,8168547.371800482
25,25,2021,5104968.0,0.0,1548795.0912037038,0,996439,7650202.091203704
25,25,2022,5104968.0,0.0,1548794.538425926,0,1800848,8454610.538425926
25,25,2023,5104968.0,0.0,1695989.6233796296,0,1447096,8248053.623379629
25,25,2024,5118954.21369863,0.0,2553565.493638889,0,1561434,9233953.70733752
25,25,2025,5104968.0,0.0,1842755.8418981482,0,1439932,8387655.841898148
25,25,2026,5104968.0,0.0,2342573.1051574075,0,1601977,9049518.105157407
25,25,2027,5104968.0,0.0,1548794.7439814815,0,1096062,7749824.7439814815
25,25,2028,5118954.21369863,0.0,3460413.105,0,1607333,10186700.31869863
25,25,2029,5104968.0,0.0,1511938.6907407409,0,2093472,8710378.690740742
25,25,2030,5104968.0,0.0,1585648.8469907409,0,1015700,7706316.846990741
25,25,2031,5104968.0,0.0,1695990.5527777777,0,1491300,8292258.552777777
25,25,2032,5118954.21369863,0.0,1552635.0016203704,0,1369059,8040648.215319
25,25,2033,5104968.0,0.0,1548794.8273148148,0,1270520,7924282.827314815
25,25,2034,5104968.0,0.0,1695990.5256944445,0,1137211,7938169.525694445
25,25,2035,5104968.0,0.0,1695990.788888889,0,1810179,8611137.788888888
25,25,2036,5118954.21369863,0.0,2993046.536925926,0,1169200,9281200.750624556
25,25,2037,5104968.0,0.0,1695989.1472222223,0,1745042,8545999.147222223
25,25,2038,5104968.0,0.0,3109488.24025,0,1643346,9857802.240249999
25,25,2039,5104968.0,0.0,1843186.205324074,0,1481115,8429269.205324074
25,25,2040,5118954.21369863,0.0,1994222.3756944444,0,1614750,8727926.589393076
25,25,2041,5104968.0,0.0,1694811.675,0,1775816,8575595.675
25,25,2042,5104968.0,0.0,2157534.5016296296,0,1166198,8428700.50162963
25,25,2043,5104968.0,0.0,1843188.0745370372,0,2010825,8958981.074537037
25,25,2044,5118954.21369863,0.0,1552633.7277777777,0,1311268,7982855.941476408
25,25,2045,5104968.0,0.0,1695990.9486111111,0,1592041,8392999.94861111
25,25,2046,5104968.0,0.0,1695989.4851851852,0,1613994,8414951.485185185
