subassembly,action,run,random_seed,materials_cost,total_labor_cost,equipment_cost,total_cost
blades,delay,1,1,0,0,1921605.054398148,1921605.054398148
blades,repair,1,1,603082,0,98060.83194444445,701142.8319444444
controls,delay,1,1,0,0,96756.48587962963,96756.48587962963
controls,repair,1,1,629354,0,9603.333333333334,638957.3333333334
electrical,delay,1,1,0,0,53880.62800925926,53880.62800925926
electrical,repair,1,1,255316,0,9162.5,264478.5
gearbox,delay,1,1,0,0,26105785.178703703,26105785.178703703
gearbox,repair,1,1,19404225,0,1867195.625,21271420.625
generator,delay,1,1,0,0,6725555.813657408,6725555.813657408
generator,repair,1,1,7093165,0,464005.8333333333,7557170.833333333
heat_cool,delay,1,1,0,0,1455.782175925926,1455.782175925926
heat_cool,repair,1,1,291016,0,1612.5,292628.5
hub,delay,1,1,0,0,5680.765972222222,5680.765972222222
hub,repair,1,1,250573,0,5108.333333333333,255681.33333333334
main_bearing_failures,delay,1,1,0,0,812109.7440740741,812109.7440740741
main_bearing_failures,repair,1,1,1617500,0,148326.0,1765826.0
main_bearing_maintenance,delay,1,1,0,0,3185.816898148148,3185.816898148148
main_bearing_maintenance,maintenance,1,1,622500,0,1245.0,623745.0
oil,delay,1,1,0,0,3751.5393518518517,3751.5393518518517
oil,repair,1,1,252638,0,2958.333333333333,255596.3333333333
other,delay,1,1,0,0,52875.32916666667,52875.32916666667
other,repair,1,1,687018,0,14325.0,701343.0
pitch,delay,1,1,0,0,19094.636342592592,19094.636342592592
pitch,repair,1,1,1485395,0,16490.833333333332,1501885.8333333335
power_supply,delay,1,1,0,0,458257.5222222222,458257.5222222222
power_supply,repair,1,1,1492861,0,47454.166666666664,1540315.1666666665
pump_motor,delay,1,1,0,0,2915.706944444444,2915.706944444444
pump_motor,repair,1,1,584972,0,2571.6666666666665,587543.6666666667
relay,delay,1,1,0,0,741603.0261574074,741603.0261574074
relay,repair,1,1,765666,0,51330.0,816996.0
safety,delay,1,1,0,0,1425.7168981481482,1425.7168981481482
safety,repair,1,1,185212,0,1270.0,186482.0
sensors,delay,1,1,0,0,5177.389583333334,5177.389583333334
sensors,repair,1,1,700321,0,4055.0,704376.0
service_items,delay,1,1,0,0,1854.9393518518518,1854.9393518518518
service_items,repair,1,1,29541,0,1335.8333333333335,30876.833333333336
tower_substructure,delay,1,1,0,0,1029.1210648148149,1029.1210648148149
tower_substructure,repair,1,1,338801,0,1040.8333333333333,339841.8333333334
transformer,delay,1,1,0,0,1061.6604166666666,1061.6604166666666
transformer,maintenance,1,1,4176,0,580.0,4756.0
transformer,repair,1,1,2875,0,50.0,2925.0
xformer,delay,1,1,0,0,709.1509259259259,709.1509259259259
xformer,repair,1,1,33394,0,668.3333333333334,34062.333333333336
yaw,delay,1,1,0,0,267959.925462963,267959.925462963
yaw,repair,1,1,187322,0,24752.5,212074.5
blades,delay,2,2,0,0,8175.670601851852,8175.670601851852
blades,repair,2,2,283988,0,6820.0,290808.0
controls,delay,2,2,0,0,68702.21342592592,68702.21342592592
controls,repair,2,2,582125,0,7888.333333333333,590013.3333333334
electrical,delay,2,2,0,0,235095.6902777778,235095.6902777778
electrical,repair,2,2,306616,0,14938.333333333334,321554.3333333333
gearbox,delay,2,2,0,0,27551595.46875,27551595.46875
gearbox,repair,2,2,22014666,0,2140788.5416666665,24155454.541666668
generator,delay,2,2,0,0,5896281.364120371,5896281.364120371
generator,repair,2,2,6613813,0,413185.8333333333,7026998.833333333
heat_cool,delay,2,2,0,0,2104.9402777777777,2104.9402777777777
heat_cool,repair,2,2,312512,0,1731.6666666666667,314243.6666666666
hub,delay,2,2,0,0,6134.930787037037,6134.930787037037
hub,repair,2,2,261960,0,5116.666666666667,267076.6666666667
main_bearing_failures,delay,2,2,0,0,331337.2122222222,331337.2122222222
main_bearing_failures,repair,2,2,1480500,0,111302.0,1591802.0
main_bearing_maintenance,delay,2,2,0,0,2841.6546296296297,2841.6546296296297
main_bearing_maintenance,maintenance,2,2,647500,0,1295.0,648795.0
oil,delay,2,2,0,0,4014.041898148148,4014.041898148148
oil,repair,2,2,259759,0,3023.333333333333,262782.3333333333
other,delay,2,2,0,0,266147.6583333333,266147.6583333333
other,repair,2,2,677874,0,19695.833333333332,697569.8333333334
pitch,delay,2,2,0,0,19143.033101851852,19143.033101851852
pitch,repair,2,2,1573210,0,16920.0,1590130.0
power_supply,delay,2,2,0,0,719676.2627314815,719676.2627314815
power_supply,repair,2,2,1632421,0,47675.833333333336,1680096.8333333333
pump_motor,delay,2,2,0,0,2600.7502314814815,2600.7502314814815
pump_motor,repair,2,2,551512,0,2493.333333333333,554005.3333333334
relay,delay,2,2,0,0,1443897.5826388889,1443897.5826388889
relay,repair,2,2,727960,0,74701.66666666667,802661.6666666666
safety,delay,2,2,0,0,1718.2037037037037,1718.2037037037037
safety,repair,2,2,163692,0,1224.1666666666665,164916.16666666666
sensors,delay,2,2,0,0,4062.412037037037,4062.412037037037
sensors,repair,2,2,705497,0,3985.0,709482.0
service_items,delay,2,2,0,0,1601.6226851851852,1601.6226851851852
service_items,repair,2,2,31612,0,1349.1666666666667,32961.16666666667
tower_substructure,delay,2,2,0,0,1137.455324074074,1137.455324074074
tower_substructure,repair,2,2,376145,0,1044.1666666666667,377189.1666666667
transformer,delay,2,2,0,0,1079.9949074074075,1079.9949074074075
transformer,maintenance,2,2,4176,0,580.0,4756.0
transformer,repair,2,2,1150,0,20.0,1170.0
xformer,delay,2,2,0,0,2959.120138888889,2959.120138888889
xformer,repair,2,2,147287,0,849.1666666666667,148136.1666666667
yaw,delay,2,2,0,0,130675.28472222222,130675.28472222222
yaw,repair,2,2,134974,0,9171.666666666666,144145.66666666666
blades,delay,3,3,0,0,7591.529861111111,7591.529861111111
blades,repair,3,3,284407,0,6977.5,291384.5
controls,delay,3,3,0,0,36607.77986111111,36607.77986111111
controls,repair,3,3,562378,0,9488.333333333332,571866.3333333334
electrical,delay,3,3,0,0,51830.92962962963,51830.92962962963
electrical,repair,3,3,292369,0,12021.666666666666,304390.6666666667
gearbox,delay,3,3,0,0,31231285.222685184,31231285.222685184
gearbox,repair,3,3,22002516,0,2139782.2916666665,24142298.291666668
generator,delay,3,3,0,0,4805821.46412037,4805821.46412037
generator,repair,3,3,6328582,0,349928.3333333333,6678510.333333333
heat_cool,delay,3,3,0,0,1395.8037037037036,1395.8037037037036
heat_cool,repair,3,3,284240,0,1575.0,285815.0
hub,delay,3,3,0,0,6503.24699074074,6503.24699074074
hub,repair,3,3,224490,0,4716.666666666667,229206.66666666666
main_bearing_failures,delay,3,3,0,0,519141.31124999997,519141.31124999997
main_bearing_failures,repair,3,3,1666500,0,111342.0,1777842.0
main_bearing_maintenance,delay,3,3,0,0,2932.448611111111,2932.448611111111
main_bearing_maintenance,maintenance,3,3,630000,0,1260.0,631260.0
oil,delay,3,3,0,0,3668.204861111111,3668.204861111111
oil,repair,3,3,232442,0,2805.0,235246.99999999997
other,delay,3,3,0,0,12005.531712962962,12005.531712962962
other,repair,3,3,693492,0,8891.666666666668,702383.6666666666
pitch,delay,3,3,0,0,21161.341435185186,21161.341435185186
pitch,repair,3,3,1640740,0,17681.666666666668,1658421.6666666667
power_supply,delay,3,3,0,0,110462.03958333335,110462.03958333335
power_supply,repair,3,3,1492849,0,11870.833333333334,1504719.8333333333
pump_motor,delay,3,3,0,0,3088.2344907407405,3088.2344907407405
pump_motor,repair,3,3,550006,0,2448.333333333333,552454.3333333334
relay,delay,3,3,0,0,318607.82685185183,318607.82685185183
relay,repair,3,3,755677,0,51360.0,807037.0
safety,delay,3,3,0,0,1406.5631944444444,1406.5631944444444
safety,repair,3,3,169042,0,1141.6666666666665,170183.66666666666
sensors,delay,3,3,0,0,4818.215277777777,4818.215277777777
sensors,repair,3,3,688511,0,4155.0,692666.0
service_items,delay,3,3,0,0,1209.9733796296296,1209.9733796296296
service_items,repair,3,3,25155,0,1137.5,26292.5
tower_substructure,delay,3,3,0,0,973.2666666666667,973.2666666666667
tower_substructure,repair,3,3,323808,0,951.6666666666666,324759.6666666667
transformer,delay,3,3,0,0,1140.825462962963,1140.825462962963
transformer,maintenance,3,3,4176,0,580.0,4756.0
transformer,repair,3,3,4025,0,70.0,4095.0
xformer,delay,3,3,0,0,1039.1465277777777,1039.1465277777777
xformer,repair,3,3,145259,0,891.6666666666667,146150.66666666666
yaw,delay,3,3,0,0,122408.88865740741,122408.88865740741
yaw,repair,3,3,179616,0,17047.5,196663.5
blades,delay,4,4,0,0,7210.700462962963,7210.700462962963
blades,repair,4,4,306429,0,7042.5,313471.5
controls,delay,4,4,0,0,95203.01736111111,95203.01736111111
controls,repair,4,4,616414,0,9611.666666666666,626025.6666666666
electrical,delay,4,4,0,0,80080.95532407408,80080.95532407408
electrical,repair,4,4,271654,0,9153.333333333334,280807.3333333333
gearbox,delay,4,4,0,0,29480114.296296295,29480114.296296295
gearbox,repair,4,4,21597351,0,2113430.7,23710781.7
generator,delay,4,4,0,0,5823714.479861111,5823714.479861111
generator,repair,4,4,6501377,0,375284.1666666667,6876661.166666667
heat_cool,delay,4,4,0,0,2059.0983796296296,2059.0983796296296
heat_cool,repair,4,4,299728,0,1660.8333333333335,301388.8333333333
hub,delay,4,4,0,0,201640.9053240741,201640.9053240741
hub,repair,4,4,401717,0,51983.333333333336,453700.3333333333
main_bearing_failures,delay,4,4,0,0,282594.7688888889,282594.7688888889
main_bearing_failures,repair,4,4,1341000,0,111272.0,1452272.0
main_bearing_maintenance,delay,4,4,0,0,3416.6421296296294,3416.6421296296294
main_bearing_maintenance,maintenance,4,4,622500,0,1245.0,623745.0
oil,delay,4,4,0,0,4383.981944444445,4383.981944444445
oil,repair,4,4,261179,0,2961.6666666666665,264140.6666666666
other,delay,4,4,0,0,10848.022453703703,10848.022453703703
other,repair,4,4,710420,0,8920.833333333334,719340.8333333334
pitch,delay,4,4,0,0,104590.39027777778,104590.39027777778
pitch,repair,4,4,1679500,0,25724.166666666668,1705224.1666666667
power_supply,delay,4,4,0,0,258854.17083333334,258854.17083333334
power_supply,repair,4,4,1525614,0,38581.666666666664,1564195.6666666665
pump_motor,delay,4,4,0,0,3396.5386574074073,3396.5386574074073
pump_motor,repair,4,4,585880,0,2636.6666666666665,588516.6666666667
relay,delay,4,4,0,0,477386.7414351852,477386.7414351852
relay,repair,4,4,751905,0,27700.833333333332,779605.8333333334
safety,delay,4,4,0,0,1538.1729166666667,1538.1729166666667
safety,repair,4,4,166420,0,1195.8333333333333,167615.8333333333
sensors,delay,4,4,0,0,4035.689351851852,4035.689351851852
sensors,repair,4,4,744414,0,3886.6666666666665,748300.6666666666
service_items,delay,4,4,0,0,2007.4587962962962,2007.4587962962962
service_items,repair,4,4,30709,0,1308.3333333333335,32017.333333333336
tower_substructure,delay,4,4,0,0,895.7699074074073,895.7699074074073
tower_substructure,repair,4,4,336077,0,990.8333333333334,337067.8333333334
transformer,delay,4,4,0,0,963.33125,963.33125
transformer,maintenance,4,4,4176,0,580.0,4756.0
transformer,repair,4,4,3450,0,60.0,3510.0
xformer,delay,4,4,0,0,7501.722453703703,7501.722453703703
xformer,repair,4,4,172571,0,971.6666666666667,173542.6666666667
yaw,delay,4,4,0,0,1892.4467592592591,1892.4467592592591
yaw,repair,4,4,142968,0,1537.5,144505.5
blades,delay,5,5,0,0,8427.356712962963,8427.356712962963
blades,repair,5,5,291330,0,7215.0,298545.0
controls,delay,5,5,0,0,79783.58402777778,79783.58402777778
controls,repair,5,5,571734,0,9131.666666666666,580865.6666666666
electrical,delay,5,5,0,0,185522.07569444444,185522.07569444444
electrical,repair,5,5,284281,0,12028.333333333334,296309.3333333333
gearbox,delay,5,5,0,0,26763115.885185186,26763115.885185186
gearbox,repair,5,5,21649539,0,2099284.375,23748823.375
generator,delay,5,5,0,0,5911299.62337963,5911299.62337963
generator,repair,5,5,6991968,0,426697.5,7418665.5
heat_cool,delay,5,5,0,0,2003.291435185185,2003.291435185185
heat_cool,repair,5,5,294760,0,1633.3333333333335,296393.3333333333
hub,delay,5,5,0,0,1101866.6046296295,1101866.6046296295
hub,repair,5,5,427474,0,52251.66666666667,479725.6666666667
main_bearing_failures,delay,5,5,0,0,86530.51527777778,86530.51527777778
main_bearing_failures,repair,5,5,927500,0,37194.0,964694.0
main_bearing_maintenance,delay,5,5,0,0,2876.6453703703705,2876.6453703703705
main_bearing_maintenance,maintenance,5,5,625000,0,1250.0,626250.0
oil,delay,5,5,0,0,3827.3546296296295,3827.3546296296295
oil,repair,5,5,251081,0,2885.0,253966.0
other,delay,5,5,0,0,322226.3446759259,322226.3446759259
other,repair,5,5,686128,0,14304.166666666666,700432.1666666666
pitch,delay,5,5,0,0,278553.7738425926,278553.7738425926
pitch,repair,5,5,1621045,0,32714.166666666668,1653759.1666666667
power_supply,delay,5,5,0,0,764451.4476851851,764451.4476851851
power_supply,repair,5,5,1668631,0,56764.166666666664,1725395.1666666665
pump_motor,delay,5,5,0,0,3496.560185185185,3496.560185185185
pump_motor,repair,5,5,575894,0,2515.0,578409.0
relay,delay,5,5,0,0,417366.78078703705,417366.78078703705
relay,repair,5,5,686681,0,50909.166666666664,737590.1666666666
safety,delay,5,5,0,0,1407.400462962963,1407.400462962963
safety,repair,5,5,185524,0,1197.5,186721.5
sensors,delay,5,5,0,0,4398.249537037037,4398.249537037037
sensors,repair,5,5,654928,0,4081.6666666666665,659009.6666666666
service_items,delay,5,5,0,0,1787.4587962962962,1787.4587962962962
service_items,repair,5,5,34715,0,1409.1666666666667,36124.16666666667
tower_substructure,delay,5,5,0,0,1162.4578703703703,1162.4578703703703
tower_substructure,repair,5,5,316306,0,1000.0,317306.0
transformer,delay,5,5,0,0,1029.1631944444443,1029.1631944444443
transformer,maintenance,5,5,4176,0,580.0,4756.0
transformer,repair,5,5,1150,0,20.0,1170.0
xformer,delay,5,5,0,0,22561.44097222222,22561.44097222222
xformer,repair,5,5,385931,0,1264.1666666666667,387195.1666666667
yaw,delay,5,5,0,0,287740.0902777778,287740.0902777778
yaw,repair,5,5,214370,0,17105.833333333332,231475.83333333334
blades,delay,6,6,0,0,8847.33425925926,8847.33425925926
blades,repair,6,6,294032,0,7240.0,301272.0
controls,delay,6,6,0,0,6482.372916666666,6482.372916666666
controls,repair,6,6,533552,0,5486.666666666666,539038.6666666666
electrical,delay,6,6,0,0,46484.265277777784,46484.265277777784
electrical,repair,6,6,226991,0,6170.0,233161.0
gearbox,delay,6,6,0,0,27412672.212037038,27412672.212037038
gearbox,repair,6,6,20936289,0,2007766.6648148147,22944055.664814815
generator,delay,6,6,0,0,6632371.105555556,6632371.105555556
generator,repair,6,6,6951029,0,421087.9166666667,7372116.916666667
heat_cool,delay,6,6,0,0,1932.4386574074074,1932.4386574074074
heat_cool,repair,6,6,323184,0,1790.8333333333335,324974.8333333333
hub,delay,6,6,0,0,719799.9236111111,719799.9236111111
hub,repair,6,6,585285,0,99228.33333333334,684513.3333333334
main_bearing_failures,delay,6,6,0,0,194237.49791666667,194237.49791666667
main_bearing_failures,repair,6,6,1250500,0,74257.99999999999,1324758.0
main_bearing_maintenance,delay,6,6,0,0,2880.7944444444443,2880.7944444444443
main_bearing_maintenance,maintenance,6,6,627500,0,1255.0,628755.0
oil,delay,6,6,0,0,3208.1657407407406,3208.1657407407406
oil,repair,6,6,258074,0,2975.0,261048.99999999997
other,delay,6,6,0,0,187991.67222222223,187991.67222222223
other,repair,6,6,689444,0,19966.666666666668,709410.6666666666
pitch,delay,6,6,0,0,19293.894907407408,19293.894907407408
pitch,repair,6,6,1523315,0,16703.333333333332,1540018.3333333335
power_supply,delay,6,6,0,0,595975.3377314815,595975.3377314815
power_supply,repair,6,6,1506447,0,65450.0,1571897.0
pump_motor,delay,6,6,0,0,3138.2127314814816,3138.2127314814816
pump_motor,repair,6,6,557204,0,2398.333333333333,559602.3333333334
relay,delay,6,6,0,0,720717.1708333333,720717.1708333333
relay,repair,6,6,697828,0,51038.333333333336,748866.3333333334
safety,delay,6,6,0,0,1464.0479166666667,1464.0479166666667
safety,repair,6,6,173766,0,1154.1666666666665,174920.16666666666
sensors,delay,6,6,0,0,5363.229629629629,5363.229629629629
sensors,repair,6,6,677734,0,3753.333333333333,681487.3333333334
service_items,delay,6,6,0,0,1389.9641203703704,1389.9641203703704
service_items,repair,6,6,30709,0,1308.3333333333335,32017.333333333336
tower_substructure,delay,6,6,0,0,1349.941898148148,1349.941898148148
tower_substructure,repair,6,6,334596,0,1056.6666666666667,335652.6666666667
transformer,delay,6,6,0,0,1162.4849537037037,1162.4849537037037
transformer,maintenance,6,6,4176,0,580.0,4756.0
transformer,repair,6,6,4025,0,70.0,4095.0
xformer,delay,6,6,0,0,912.4768518518518,912.4768518518518
xformer,repair,6,6,58498,0,903.3333333333334,59401.333333333336
yaw,delay,6,6,0,0,113270.18402777778,113270.18402777778
yaw,repair,6,6,174949,0,9325.833333333334,184274.83333333334
blades,delay,7,7,0,0,977302.7648148148,977302.7648148148
blades,repair,7,7,411672,0,51885.0,463557.0
controls,delay,7,7,0,0,93377.61458333333,93377.61458333333
controls,repair,7,7,590194,0,9401.666666666666,599595.6666666666
electrical,delay,7,7,0,0,17684.660416666666,17684.660416666666
electrical,repair,7,7,290436,0,14880.0,305316.0
gearbox,delay,7,7,0,0,28810095.397453703,28810095.397453703
gearbox,repair,7,7,19818100,0,1902623.3333333333,21720723.333333332
generator,delay,7,7,0,0,5339019.898148148,5339019.898148148
generator,repair,7,7,6811463,0,425949.1666666667,7237412.166666667
heat_cool,delay,7,7,0,0,2101.59375,2101.59375
heat_cool,repair,7,7,300928,0,1667.5,302595.5
hub,delay,7,7,0,0,6073.270833333333,6073.270833333333
hub,repair,7,7,269471,0,5358.333333333333,274829.3333333333
main_bearing_failures,delay,7,7,0,0,617624.3294444445,617624.3294444445
main_bearing_failures,repair,7,7,2080000,0,185420.0,2265420.0
main_bearing_maintenance,delay,7,7,0,0,3024.958101851852,3024.958101851852
main_bearing_maintenance,maintenance,7,7,625000,0,1250.0,626250.0
oil,delay,7,7,0,0,3934.866898148148,3934.866898148148
oil,repair,7,7,264031,0,3051.6666666666665,267082.6666666666
other,delay,7,7,0,0,78780.89699074074,78780.89699074074
other,repair,7,7,701630,0,20031.666666666668,721661.6666666666
pitch,delay,7,7,0,0,144798.61412037036,144798.61412037036
pitch,repair,7,7,1735450,0,22124.16550925926,1757574.1655092593
power_supply,delay,7,7,0,0,288274.84351851855,288274.84351851855
power_supply,repair,7,7,1529882,0,38645.833333333336,1568527.8333333333
pump_motor,delay,7,7,0,0,3009.0777777777776,3009.0777777777776
pump_motor,repair,7,7,518148,0,2380.0,520528.00000000006
relay,delay,7,7,0,0,646142.5715277778,646142.5715277778
relay,repair,7,7,738768,0,27665.0,766433.0
safety,delay,7,7,0,0,1565.7319444444445,1565.7319444444445
safety,repair,7,7,183740,0,1208.3333333333333,184948.33333333334
sensors,delay,7,7,0,0,4322.397222222222,4322.397222222222
sensors,repair,7,7,603132,0,3826.6666666666665,606958.6666666666
service_items,delay,7,7,0,0,1392.4506944444445,1392.4506944444445
service_items,repair,7,7,32006,0,1286.6666666666667,33292.66666666667
tower_substructure,delay,7,7,0,0,1589.9391203703703,1589.9391203703703
tower_substructure,repair,7,7,330128,0,1036.6666666666667,331164.6666666667
transformer,delay,7,7,0,0,972.493287037037,972.493287037037
transformer,maintenance,7,7,4176,0,580.0,4756.0
transformer,repair,7,7,4025,0,70.0,4095.0
xformer,delay,7,7,0,0,10721.579398148147,10721.579398148147
xformer,repair,7,7,264106,0,1140.8333333333333,265246.8333333333
yaw,delay,7,7,0,0,133672.2287037037,133672.2287037037
yaw,repair,7,7,155163,0,9180.0,164343.0
blades,delay,8,8,0,0,2019961.9189814816,2019961.9189814816
blades,repair,8,8,583020,0,97800.0,680820.0
controls,delay,8,8,0,0,65494.51597222222,65494.51597222222
controls,repair,8,8,601177,0,7401.666666666666,608578.6666666666
electrical,delay,8,8,0,0,207665.14699074073,207665.14699074073
electrical,repair,8,8,280879,0,11940.833333333334,292819.8333333333
gearbox,delay,8,8,0,0,27428289.893055554,27428289.893055554
gearbox,repair,8,8,20175729,0,1959933.3333333333,22135662.333333332
generator,delay,8,8,0,0,5003084.015277778,5003084.015277778
generator,repair,8,8,6465028,0,375003.3333333333,6840031.333333333
heat_cool,delay,8,8,0,0,2417.4238425925923,2417.4238425925923
heat_cool,repair,8,8,296264,0,1641.6666666666667,297905.6666666666
hub,delay,8,8,0,0,1120258.5162037036,1120258.5162037036
hub,repair,8,8,443820,0,52643.333333333336,496463.3333333334
main_bearing_failures,delay,8,8,0,0,132098.9949074074,132098.9949074074
main_bearing_failures,repair,8,8,1250500,0,74258.0,1324758.0
main_bearing_maintenance,delay,8,8,0,0,2929.936574074074,2929.936574074074
main_bearing_maintenance,maintenance,8,8,635000,0,1270.0,636270.0
oil,delay,8,8,0,0,3693.1875,3693.1875
oil,repair,8,8,246160,0,2821.6666666666665,248981.66666666666
other,delay,8,8,0,0,9870.556712962964,9870.556712962964
other,repair,8,8,628874,0,8186.666666666667,637060.6666666666
pitch,delay,8,8,0,0,38727.826157407406,38727.826157407406
pitch,repair,8,8,1592345,0,21195.833333333332,1613540.8333333335
power_supply,delay,8,8,0,0,417144.2261574074,417144.2261574074
power_supply,repair,8,8,1529453,0,38756.666666666664,1568209.6666666665
pump_motor,delay,8,8,0,0,2668.229398148148,2668.229398148148
pump_motor,repair,8,8,610230,0,2670.0,612900.0
relay,delay,8,8,0,0,205820.47083333333,205820.47083333333
relay,repair,8,8,695922,0,27516.666666666664,723438.6666666666
safety,delay,8,8,0,0,1862.3844907407406,1862.3844907407406
safety,repair,8,8,173452,0,1176.6666666666665,174628.66666666666
sensors,delay,8,8,0,0,4046.5252314814816,4046.5252314814816
sensors,repair,8,8,671999,0,4020.0,676019.0
service_items,delay,8,8,0,0,1552.4645833333334,1552.4645833333334
service_items,repair,8,8,28387,0,1203.3333333333335,29590.333333333336
tower_substructure,delay,8,8,0,0,979.9361111111111,979.9361111111111
tower_substructure,repair,8,8,334225,0,925.8333333333334,335150.8333333334
transformer,delay,8,8,0,0,1199.1583333333333,1199.1583333333333
transformer,maintenance,8,8,4176,0,580.0,4756.0
transformer,repair,8,8,2875,0,50.0,2925.0
xformer,delay,8,8,0,0,859.1481481481482,859.1481481481482
xformer,repair,8,8,42532,0,775.8333333333334,43307.833333333336
yaw,delay,8,8,0,0,1640.7898148148147,1640.7898148148147
yaw,repair,8,8,144015,0,1629.1666666666667,145644.16666666666
blades,delay,9,9,0,0,7530.670370370371,7530.670370370371
blades,repair,9,9,301169,0,7142.5,308311.5
controls,delay,9,9,0,0,6522.378009259259,6522.378009259259
controls,repair,9,9,518364,0,5723.333333333333,524087.3333333333
electrical,delay,9,9,0,0,15783.839351851851,15783.839351851851
electrical,repair,9,9,217117,0,6059.166666666667,223176.16666666666
gearbox,delay,9,9,0,0,27393847.88587963,27393847.88587963
gearbox,repair,9,9,21276522,0,2044008.3333333333,23320530.333333332
generator,delay,9,9,0,0,8097681.910416666,8097681.910416666
generator,repair,9,9,6864443,0,437068.74652777775,7301511.746527778
heat_cool,delay,9,9,0,0,2310.7409722222224,2310.7409722222224
heat_cool,repair,9,9,289056,0,1601.6666666666667,290657.6666666666
hub,delay,9,9,0,0,6852.399537037037,6852.399537037037
hub,repair,9,9,276752,0,5458.333333333333,282210.3333333333
main_bearing_failures,delay,9,9,0,0,491234.87402777775,491234.87402777775
main_bearing_failures,repair,9,9,1480500,0,111302.0,1591802.0
main_bearing_maintenance,delay,9,9,0,0,2699.13912037037,2699.13912037037
main_bearing_maintenance,maintenance,9,9,630000,0,1260.0,631260.0
oil,delay,9,9,0,0,3740.6875,3740.6875
oil,repair,9,9,260274,0,2976.6666666666665,263250.6666666666
other,delay,9,9,0,0,10632.177777777777,10632.177777777777
other,repair,9,9,678166,0,8900.0,687066.0
pitch,delay,9,9,0,0,19343.834953703703,19343.834953703703
pitch,repair,9,9,1523180,0,17168.333333333332,1540348.3333333335
power_supply,delay,9,9,0,0,60603.491435185184,60603.491435185184
power_supply,repair,9,9,1420006,0,11596.666666666666,1431602.6666666665
pump_motor,delay,9,9,0,0,2137.4157407407406,2137.4157407407406
pump_motor,repair,9,9,523712,0,2331.6666666666665,526043.6666666667
relay,delay,9,9,0,0,731485.8115740741,731485.8115740741
relay,repair,9,9,771139,0,51373.333333333336,822512.3333333334
safety,delay,9,9,0,0,1453.2120370370371,1453.2120370370371
safety,repair,9,9,163270,0,1170.8333333333333,164440.8333333333
sensors,delay,9,9,0,0,5179.0365740740735,5179.0365740740735
sensors,repair,9,9,730976,0,3731.6652777777776,734707.6652777778
service_items,delay,9,9,0,0,1781.616435185185,1781.616435185185
service_items,repair,9,9,31877,0,1280.8333333333335,33157.833333333336
tower_substructure,delay,9,9,0,0,901.6305555555556,901.6305555555556
tower_substructure,repair,9,9,321538,0,910.0,322448.0
transformer,delay,9,9,0,0,1107.492361111111,1107.492361111111
transformer,maintenance,9,9,4176,0,580.0,4756.0
transformer,repair,9,9,5175,0,90.0,5265.0
xformer,delay,9,9,0,0,9196.851851851852,9196.851851851852
xformer,repair,9,9,388421,0,1239.1666666666667,389660.1666666667
yaw,delay,9,9,0,0,198994.01643518519,198994.01643518519
yaw,repair,9,9,158695,0,16880.833333333332,175575.83333333334
blades,delay,10,10,0,0,8370.702083333334,8370.702083333334
blades,repair,10,10,297367,0,7087.5,304454.5
controls,delay,10,10,0,0,15289.06111111111,15289.06111111111
controls,repair,10,10,582737,0,7406.666666666666,590143.6666666666
electrical,delay,10,10,0,0,223571.7775462963,223571.7775462963
electrical,repair,10,10,268900,0,9082.5,277982.5
gearbox,delay,10,10,0,0,29751761.553703703,29751761.553703703
gearbox,repair,10,10,19833666,0,1901646.6666666667,21735312.666666668
generator,delay,10,10,0,0,3676134.1958333333,3676134.1958333333
generator,repair,10,10,6609320,0,375886.6666666667,6985206.666666667
heat_cool,delay,10,10,0,0,2087.4453703703703,2087.4453703703703
heat_cool,repair,10,10,284992,0,1579.1666666666667,286571.1666666666
hub,delay,10,10,0,0,2198802.857638889,2198802.857638889
hub,repair,10,10,565773,0,99003.33333333334,664776.3333333334
main_bearing_failures,delay,10,10,0,0,165.83171296296297,165.83171296296297
main_bearing_failures,repair,10,10,558000,0,120.0,558120.0
main_bearing_maintenance,delay,10,10,0,0,2924.123148148148,2924.123148148148
main_bearing_maintenance,maintenance,10,10,627500,0,1255.0,628755.0
oil,delay,10,10,0,0,3649.029861111111,3649.029861111111
oil,repair,10,10,238265,0,2800.0,241064.99999999997
other,delay,10,10,0,0,147915.45393518519,147915.45393518519
other,repair,10,10,635214,0,19651.666666666668,654865.6666666666
pitch,delay,10,10,0,0,72106.52939814815,72106.52939814815
pitch,repair,10,10,1590970,0,21217.5,1612187.5
power_supply,delay,10,10,0,0,541739.3289351852,541739.3289351852
power_supply,repair,10,10,1500265,0,20760.833333333332,1521025.8333333333
pump_motor,delay,10,10,0,0,3131.5368055555555,3131.5368055555555
pump_motor,repair,10,10,567158,0,2531.6666666666665,569689.6666666667
relay,delay,10,10,0,0,98287.15138888889,98287.15138888889
relay,repair,10,10,680326,0,27475.0,707801.0
safety,delay,10,10,0,0,1995.7145833333332,1995.7145833333332
safety,repair,10,10,186784,0,1207.5,187991.5
sensors,delay,10,10,0,0,4090.728009259259,4090.728009259259
sensors,repair,10,10,656374,0,3803.333333333333,660177.3333333334
service_items,delay,10,10,0,0,1461.6284722222222,1461.6284722222222
service_items,repair,10,10,25671,0,1160.8333333333335,26831.833333333336
tower_substructure,delay,10,10,0,0,1236.6018518518517,1236.6018518518517
tower_substructure,repair,10,10,326615,0,879.1666666666666,327494.1666666667
transformer,delay,10,10,0,0,984.1604166666666,984.1604166666666
transformer,maintenance,10,10,4176,0,580.0,4756.0
transformer,repair,10,10,3450,0,60.0,3510.0
xformer,delay,10,10,0,0,14507.770601851851,14507.770601851851
xformer,repair,10,10,148827,0,907.5,149734.5
yaw,delay,10,10,0,0,1794.0965277777777,1794.0965277777777
yaw,repair,10,10,139980,0,1700.0,141680.0
blades,delay,11,11,0,0,2059041.2594907407,2059041.2594907407
blades,repair,11,11,590349,0,97902.5,688251.5
controls,delay,11,11,0,0,6124.062037037037,6124.062037037037
controls,repair,11,11,525452,0,5320.0,530772.0
electrical,delay,11,11,0,0,4653.183796296296,4653.183796296296
electrical,repair,11,11,230066,0,3484.166666666667,233550.16666666666
gearbox,delay,11,11,0,0,24775053.028703704,24775053.028703704
gearbox,repair,11,11,20950655,0,2011198.125,22961853.125
generator,delay,11,11,0,0,8356280.464583334,8356280.464583334
generator,repair,11,11,7726745,0,540839.1666666666,8267584.166666667
heat_cool,delay,11,11,0,0,1939.936574074074,1939.936574074074
heat_cool,repair,11,11,285888,0,1584.1666666666667,287472.1666666666
hub,delay,11,11,0,0,5977.435648148148,5977.435648148148
hub,repair,11,11,249537,0,5075.0,254612.0
main_bearing_failures,delay,11,11,0,0,194.99791666666667,194.99791666666667
main_bearing_failures,repair,11,11,837000,0,180.0,837180.0
main_bearing_maintenance,delay,11,11,0,0,3483.3104166666667,3483.3104166666667
main_bearing_maintenance,maintenance,11,11,627500,0,1255.0,628755.0
oil,delay,11,11,0,0,4031.528240740741,4031.528240740741
oil,repair,11,11,268556,0,2976.6666666666665,271532.6666666666
other,delay,11,11,0,0,197323.66782407407,197323.66782407407
other,repair,11,11,680690,0,19688.333333333332,700378.3333333334
pitch,delay,11,11,0,0,20100.524074074074,20100.524074074074
pitch,repair,11,11,1579535,0,17527.5,1597062.5
power_supply,delay,11,11,0,0,494501.62662037037,494501.62662037037
power_supply,repair,11,11,1576685,0,29750.0,1606435.0
pump_motor,delay,11,11,0,0,3510.7326388888887,3510.7326388888887
pump_motor,repair,11,11,555880,0,2485.0,558365.0
relay,delay,11,11,0,0,454911.34143518517,454911.34143518517
relay,repair,11,11,720445,0,27560.833333333332,748005.8333333334
safety,delay,11,11,0,0,1712.3768518518518,1712.3768518518518
safety,repair,11,11,169884,0,1198.3333333333333,171082.3333333333
sensors,delay,11,11,0,0,4369.89375,4369.89375
sensors,repair,11,11,682278,0,4090.0,686368.0
service_items,delay,11,11,0,0,1794.9701388888889,1794.9701388888889
service_items,repair,11,11,31354,0,1337.5,32691.500000000004
tower_substructure,delay,11,11,0,0,1332.420138888889,1332.420138888889
tower_substructure,repair,11,11,338347,0,1032.5,339379.5
transformer,delay,11,11,0,0,1123.3289351851852,1123.3289351851852
transformer,maintenance,11,11,4176,0,580.0,4756.0
transformer,repair,11,11,33400,0,130.0,33530.0
xformer,delay,11,11,0,0,15242.47199074074,15242.47199074074
xformer,repair,11,11,154115,0,869.1666666666667,154984.16666666666
yaw,delay,11,11,0,0,1733.2689814814814,1733.2689814814814
yaw,repair,11,11,149639,0,1587.5,151226.5
blades,delay,12,12,0,0,323108.10555555555,323108.10555555555
blades,repair,12,12,596578,0,97975.0,694553.0
controls,delay,12,12,0,0,45621.759259259255,45621.759259259255
controls,repair,12,12,471745,0,7045.0,478790.0
electrical,delay,12,12,0,0,119877.24050925927,119877.24050925927
electrical,repair,12,12,261290,0,8958.333333333334,270248.3333333333
gearbox,delay,12,12,0,0,26628623.97638889,26628623.97638889
gearbox,repair,12,12,20132631,0,1958908.9583333333,22091539.958333332
generator,delay,12,12,0,0,6293453.438888889,6293453.438888889
generator,repair,12,12,7097606,0,451921.6666666667,7549527.666666667
heat_cool,delay,12,12,0,0,2409.0958333333333,2409.0958333333333
heat_cool,repair,12,12,303632,0,1682.5,305314.5
hub,delay,12,12,0,0,2245089.492824074,2245089.492824074
hub,repair,12,12,574608,0,99153.33333333333,673761.3333333334
main_bearing_failures,delay,12,12,0,0,1177959.1549537037,1177959.1549537037
main_bearing_failures,repair,12,12,2540000,0,259508.0,2799508.0
main_bearing_maintenance,delay,12,12,0,0,2955.817361111111,2955.817361111111
main_bearing_maintenance,maintenance,12,12,620000,0,1240.0,621240.0
oil,delay,12,12,0,0,3773.9988425925926,3773.9988425925926
oil,repair,12,12,270768,0,3191.6666666666665,273959.6666666666
other,delay,12,12,0,0,90794.48518518519,90794.48518518519
other,repair,12,12,661546,0,14095.833333333334,675641.8333333334
pitch,delay,12,12,0,0,30299.596064814814,30299.596064814814
pitch,repair,12,12,1676410,0,25765.832407407408,1702175.8324074075
power_supply,delay,12,12,0,0,377503.7648148148,377503.7648148148
power_supply,repair,12,12,1576259,0,38756.66666666667,1615015.6666666665
pump_motor,delay,12,12,0,0,3350.7256944444443,3350.7256944444443
pump_motor,repair,12,12,583082,0,2666.6666666666665,585748.6666666667
relay,delay,12,12,0,0,4814.043518518519,4814.043518518519
relay,repair,12,12,782569,0,4393.33287037037,786962.3328703704
safety,delay,12,12,0,0,1383.2233796296296,1383.2233796296296
safety,repair,12,12,182796,0,1225.8333333333333,184021.8333333333
sensors,delay,12,12,0,0,3532.4254629629627,3532.4254629629627
sensors,repair,12,12,644467,0,3476.6666666666665,647943.6666666666
service_items,delay,12,12,0,0,1840.7988425925926,1840.7988425925926
service_items,repair,12,12,37825,0,1389.1666666666667,39214.16666666667
tower_substructure,delay,12,12,0,0,1166.6136574074073,1166.6136574074073
tower_substructure,repair,12,12,377089,0,1092.5,378181.5
transformer,delay,12,12,0,0,1074.1592592592592,1074.1592592592592
transformer,maintenance,12,12,4176,0,580.0,4756.0
transformer,repair,12,12,2875,0,50.0,2925.0
xformer,delay,12,12,0,0,15697.478703703704,15697.478703703704
xformer,repair,12,12,263978,0,1016.6666666666667,264994.6666666667
yaw,delay,12,12,0,0,271999.85625,271999.85625
yaw,repair,12,12,154975,0,16885.0,171860.0
blades,delay,13,13,0,0,6732.366666666667,6732.366666666667
blades,repair,13,13,288567,0,6847.5,295414.5
controls,delay,13,13,0,0,226416.3636574074,226416.3636574074
controls,repair,13,13,610242,0,9265.0,619507.0
electrical,delay,13,13,0,0,316612.83449074073,316612.83449074073
electrical,repair,13,13,381200,0,20525.833333333332,401725.8333333333
gearbox,delay,13,13,0,0,30694758.11550926,30694758.11550926
gearbox,repair,13,13,21629511,0,2107074.375,23736585.375
generator,delay,13,13,0,0,2551062.7729166667,2551062.7729166667
generator,repair,13,13,5809611,0,273632.5,6083243.5
heat_cool,delay,13,13,0,0,1915.7752314814813,1915.7752314814813
heat_cool,repair,13,13,308000,0,1706.6666666666667,309706.6666666666
hub,delay,13,13,0,0,6669.924768518518,6669.924768518518
hub,repair,13,13,262708,0,5275.0,267983.0
main_bearing_failures,delay,13,13,0,0,689147.8733333333,689147.8733333333
main_bearing_failures,repair,13,13,1894000,0,185380.0,2079380.0
main_bearing_maintenance,delay,13,13,0,0,2975.8185185185184,2975.8185185185184
main_bearing_maintenance,maintenance,13,13,622500,0,1245.0,623745.0
oil,delay,13,13,0,0,3395.7013888888887,3395.7013888888887
oil,repair,13,13,232442,0,2805.0,235246.99999999997
other,delay,13,13,0,0,438873.8398148148,438873.8398148148
other,repair,13,13,732054,0,20303.333333333332,752357.3333333334
pitch,delay,13,13,0,0,19190.527314814815,19190.527314814815
pitch,repair,13,13,1473435,0,16442.499537037038,1489877.499537037
power_supply,delay,13,13,0,0,721182.5256944444,721182.5256944444
power_supply,repair,13,13,1432008,0,56373.333333333336,1488381.3333333333
pump_motor,delay,13,13,0,0,3053.2340277777776,3053.2340277777776
pump_motor,repair,13,13,517518,0,2411.6666666666665,519929.6666666667
relay,delay,13,13,0,0,1365131.0055555555,1365131.0055555555
relay,repair,13,13,802955,0,75050.0,878005.0
safety,delay,13,13,0,0,2317.3594907407405,2317.3594907407405
safety,repair,13,13,182270,0,1196.6666666666665,183466.66666666666
sensors,delay,13,13,0,0,4259.068518518518,4259.068518518518
sensors,repair,13,13,611868,0,3748.333333333333,615616.3333333334
service_items,delay,13,13,0,0,1030.8083333333334,1030.8083333333334
service_items,repair,13,13,27993,0,1265.8333333333335,29258.833333333336
tower_substructure,delay,13,13,0,0,1209.1034722222223,1209.1034722222223
tower_substructure,repair,13,13,297072,0,895.0,297967.0
transformer,delay,13,13,0,0,1019.1604166666666,1019.1604166666666
transformer,maintenance,13,13,4176,0,580.0,4756.0
xformer,delay,13,13,0,0,889.9775462962963,889.9775462962963
xformer,repair,13,13,29646,0,765.0,30411.0
yaw,delay,13,13,0,0,1559.1180555555554,1559.1180555555554
yaw,repair,13,13,106398,0,1445.8333333333335,107843.83333333333
blades,delay,14,14,0,0,8094.793287037037,8094.793287037037
blades,repair,14,14,300165,0,7212.5,307377.5
controls,delay,14,14,0,0,5774.859722222222,5774.859722222222
controls,repair,14,14,554596,0,5700.0,560296.0
electrical,delay,14,14,0,0,165098.35671296297,165098.35671296297
electrical,repair,14,14,257093,0,11830.0,268923.0
gearbox,delay,14,14,0,0,29106452.267824072,29106452.267824072
gearbox,repair,14,14,22785154,0,2189271.6666666665,24974425.666666668
generator,delay,14,14,0,0,5891668.738425926,5891668.738425926
generator,repair,14,14,6899565,0,426663.75,7326228.75
heat_cool,delay,14,14,0,0,1990.763425925926,1990.763425925926
heat_cool,repair,14,14,313408,0,1736.6666666666667,315144.6666666666
hub,delay,14,14,0,0,7616.601851851851,7616.601851851851
hub,repair,14,14,296360,0,5641.666666666667,302001.6666666667
main_bearing_failures,delay,14,14,0,0,576092.33,576092.33
main_bearing_failures,repair,14,14,1664000,0,148336.0,1812336.0
main_bearing_maintenance,delay,14,14,0,0,2977.4249999999997,2977.4249999999997
main_bearing_maintenance,maintenance,14,14,627500,0,1255.0,628755.0
oil,delay,14,14,0,0,4048.191898148148,4048.191898148148
oil,repair,14,14,249658,0,2893.333333333333,252551.3333333333
other,delay,14,14,0,0,138195.24884259258,138195.24884259258
other,repair,14,14,606522,0,13982.5,620504.5
pitch,delay,14,14,0,0,302932.775,302932.775
pitch,repair,14,14,1649955,0,29134.166666666668,1679089.1666666667
power_supply,delay,14,14,0,0,630540.0377314815,630540.0377314815
power_supply,repair,14,14,1600785,0,38890.833333333336,1639675.8333333333
pump_motor,delay,14,14,0,0,2886.583333333333,2886.583333333333
pump_motor,repair,14,14,526980,0,2328.333333333333,529308.3333333334
relay,delay,14,14,0,0,81881.95810185185,81881.95810185185
relay,repair,14,14,654224,0,27268.333333333332,681492.3333333334
safety,delay,14,14,0,0,1350.7344907407407,1350.7344907407407
safety,repair,14,14,175760,0,1145.0,176905.0
sensors,delay,14,14,0,0,3880.735648148148,3880.735648148148
sensors,repair,14,14,680650,0,3833.333333333333,684483.3333333334
service_items,delay,14,14,0,0,1525.8050925925925,1525.8050925925925
service_items,repair,14,14,29419,0,1250.0,30669.000000000004
tower_substructure,delay,14,14,0,0,1084.11875,1084.11875
tower_substructure,repair,14,14,292903,0,942.5,293845.5
transformer,delay,14,14,0,0,1219.993287037037,1219.993287037037
transformer,maintenance,14,14,4176,0,580.0,4756.0
transformer,repair,14,14,32825,0,120.0,32945.0
xformer,delay,14,14,0,0,18490.685879629633,18490.685879629633
xformer,repair,14,14,149597,0,936.6666666666667,150533.66666666666
yaw,delay,14,14,0,0,1908.2733796296295,1908.2733796296295
yaw,repair,14,14,138252,0,1595.8333333333335,139847.83333333334
blades,delay,15,15,0,0,1092568.6699074074,1092568.6699074074
blades,repair,15,15,442913,0,52347.5,495260.5
controls,delay,15,15,0,0,5729.889814814815,5729.889814814815
controls,repair,15,15,494072,0,5333.333333333333,499405.3333333333
electrical,delay,15,15,0,0,41903.61111111112,41903.61111111112
electrical,repair,15,15,226991,0,6170.0,233161.0
gearbox,delay,15,15,0,0,27725622.394444443,27725622.394444443
gearbox,repair,15,15,19835490,0,1898441.6666666667,21733931.666666668
generator,delay,15,15,0,0,5267793.783333333,5267793.783333333
generator,repair,15,15,7031522,0,404746.6666666667,7436268.666666667
heat_cool,delay,15,15,0,0,2546.5738425925924,2546.5738425925924
heat_cool,repair,15,15,315664,0,1749.1666666666667,317413.1666666666
hub,delay,15,15,0,0,458019.71157407406,458019.71157407406
hub,repair,15,15,555230,0,99111.66666666667,654341.6666666666
main_bearing_failures,delay,15,15,0,0,519987.77078703704,519987.77078703704
main_bearing_failures,repair,15,15,1478000,0,148296.0,1626296.0
main_bearing_maintenance,delay,15,15,0,0,3360.8166666666666,3360.8166666666666
main_bearing_maintenance,maintenance,15,15,620000,0,1240.0,621240.0
oil,delay,15,15,0,0,4372.320601851851,4372.320601851851
oil,repair,15,15,265841,0,3021.6666666666665,268862.6666666666
other,delay,15,15,0,0,16055.553472222222,16055.553472222222
other,repair,15,15,688264,0,14354.166666666668,702618.1666666666
pitch,delay,15,15,0,0,127051.66018518517,127051.66018518517
pitch,repair,15,15,1582130,0,21022.5,1603152.5
power_supply,delay,15,15,0,0,719856.1972222222,719856.1972222222
power_supply,repair,15,15,1618759,0,47705.0,1666464.0
pump_motor,delay,15,15,0,0,3417.3907407407405,3417.3907407407405
pump_motor,repair,15,15,557012,0,2468.333333333333,559480.3333333334
relay,delay,15,15,0,0,774027.8550925925,774027.8550925925
relay,repair,15,15,749517,0,74804.16666666667,824321.1666666666
safety,delay,15,15,0,0,1329.0562499999999,1329.0562499999999
safety,repair,15,15,172716,0,1145.8333333333333,173861.83333333334
sensors,delay,15,15,0,0,5009.054166666667,5009.054166666667
sensors,repair,15,15,661878,0,3848.333333333333,665726.3333333334
service_items,delay,15,15,0,0,715.8016203703703,715.8016203703703
service_items,repair,15,15,21672,0,980.0000000000001,22652.0
tower_substructure,delay,15,15,0,0,1288.2743055555554,1288.2743055555554
tower_substructure,repair,15,15,334488,0,961.6666666666666,335449.6666666667
transformer,delay,15,15,0,0,1077.4974537037037,1077.4974537037037
transformer,maintenance,15,15,4176,0,580.0,4756.0
transformer,repair,15,15,3450,0,60.0,3510.0
xformer,delay,15,15,0,0,513.319212962963,513.319212962963
xformer,repair,15,15,257330,0,884.1666666666667,258214.16666666666
yaw,delay,15,15,0,0,156351.9423611111,156351.9423611111
yaw,repair,15,15,172857,0,17068.333333333336,189925.33333333334
blades,delay,16,16,0,0,144639.86203703703,144639.86203703703
blades,repair,16,16,451486,0,52630.0,504116.0
controls,delay,16,16,0,0,7176.511342592593,7176.511342592593
controls,repair,16,16,561712,0,5681.666666666666,567393.6666666666
electrical,delay,16,16,0,0,5125.699305555556,5125.699305555556
electrical,repair,16,16,248028,0,3588.3333333333335,251616.3333333333
gearbox,delay,16,16,0,0,26653011.377314813,26653011.377314813
gearbox,repair,16,16,20195537,0,1952599.7916666667,22148136.791666668
generator,delay,16,16,0,0,5874709.129166666,5874709.129166666
generator,repair,16,16,6728969,0,388399.1666666667,7117368.166666667
heat_cool,delay,16,16,0,0,2066.5833333333335,2066.5833333333335
heat_cool,repair,16,16,299424,0,1659.1666666666667,301083.1666666666
hub,delay,16,16,0,0,2504567.463425926,2504567.463425926
hub,repair,16,16,694364,0,145621.66666666666,839985.6666666666
main_bearing_failures,delay,16,16,0,0,280025.05847222224,280025.05847222224
main_bearing_failures,repair,16,16,1015500,0,111202.0,1126702.0
main_bearing_maintenance,delay,16,16,0,0,2839.965277777778,2839.965277777778
main_bearing_maintenance,maintenance,16,16,627500,0,1255.0,628755.0
oil,delay,16,16,0,0,4065.6743055555553,4065.6743055555553
oil,repair,16,16,264025,0,2945.0,266970.0
other,delay,16,16,0,0,9438.85462962963,9438.85462962963
other,repair,16,16,604776,0,8283.333333333334,613059.3333333334
pitch,delay,16,16,0,0,70189.27314814815,70189.27314814815
pitch,repair,16,16,1731505,0,21561.666666666664,1753066.6666666667
power_supply,delay,16,16,0,0,563543.9935185185,563543.9935185185
power_supply,repair,16,16,1548938,0,47710.833333333336,1596648.8333333333
pump_motor,delay,16,16,0,0,2799.0398148148147,2799.0398148148147
pump_motor,repair,16,16,515264,0,2243.333333333333,517507.3333333334
relay,delay,16,16,0,0,749064.675462963,749064.675462963
relay,repair,16,16,655977,0,50843.333333333336,706820.3333333334
safety,delay,16,16,0,0,1624.0206018518518,1624.0206018518518
safety,repair,16,16,182062,0,1245.0,183307.0
sensors,delay,16,16,0,0,4289.899768518519,4289.899768518519
sensors,repair,16,16,656374,0,3803.333333333333,660177.3333333334
service_items,delay,16,16,0,0,1799.1240740740739,1799.1240740740739
service_items,repair,16,16,28509,0,1289.1666666666667,29798.166666666668
tower_substructure,delay,16,16,0,0,1504.9414351851851,1504.9414351851851
tower_substructure,repair,16,16,290597,0,869.1666666666666,291466.1666666667
transformer,delay,16,16,0,0,1095.8291666666667,1095.8291666666667
transformer,maintenance,16,16,4176,0,580.0,4756.0
transformer,repair,16,16,4600,0,80.0,4680.0
xformer,delay,16,16,0,0,3941.7009259259257,3941.7009259259257
xformer,repair,16,16,139689,0,800.0,140489.0
yaw,delay,16,16,0,0,17315.785416666666,17315.785416666666
yaw,repair,16,16,119135,0,9025.833333333334,128160.83333333333
blades,delay,17,17,0,0,9118.16550925926,9118.16550925926
blades,repair,17,17,296088,0,7150.0,303238.0
controls,delay,17,17,0,0,7124.862037037036,7124.862037037036
controls,repair,17,17,526124,0,5663.333333333333,531787.3333333334
electrical,delay,17,17,0,0,11603.016666666666,11603.016666666666
electrical,repair,17,17,257739,0,6388.333333333334,264127.3333333333
gearbox,delay,17,17,0,0,29109919.316203702,29109919.316203702
gearbox,repair,17,17,22511065,0,2153477.5,24664542.5
generator,delay,17,17,0,0,5727822.680092593,5727822.680092593
generator,repair,17,17,6631026,0,432640.625,7063666.625
heat_cool,delay,17,17,0,0,1807.4412037037036,1807.4412037037036
heat_cool,repair,17,17,289352,0,1603.3333333333335,290955.3333333333
hub,delay,17,17,0,0,6892.447685185185,6892.447685185185
hub,repair,17,17,286038,0,5533.333333333333,291571.3333333333
main_bearing_failures,delay,17,17,0,0,491587.64879629633,491587.64879629633
main_bearing_failures,repair,17,17,1248000,0,111252.0,1359252.0
main_bearing_maintenance,delay,17,17,0,0,2945.8004629629627,2945.8004629629627
main_bearing_maintenance,maintenance,17,17,632500,0,1265.0,633765.0
oil,delay,17,17,0,0,4236.512962962963,4236.512962962963
oil,repair,17,17,249271,0,2915.0,252185.99999999997
other,delay,17,17,0,0,11133.015972222222,11133.015972222222
other,repair,17,17,631526,0,8615.833333333334,640141.8333333334
pitch,delay,17,17,0,0,114080.25462962964,114080.25462962964
pitch,repair,17,17,1630990,0,21268.333333333332,1652258.3333333335
power_supply,delay,17,17,0,0,605190.0601851852,605190.0601851852
power_supply,repair,17,17,1677558,0,65794.16666666667,1743352.1666666665
pump_motor,delay,17,17,0,0,2835.732407407407,2835.732407407407
pump_motor,repair,17,17,590600,0,2500.0,593100.0
relay,delay,17,17,0,0,675718.4280092593,675718.4280092593
relay,repair,17,17,749008,0,51320.83333333333,800328.8333333334
safety,delay,17,17,0,0,1486.5574074074073,1486.5574074074073
safety,repair,17,17,169358,0,1169.1666666666665,170527.16666666666
sensors,delay,17,17,0,0,3327.4041666666667,3327.4041666666667
sensors,repair,17,17,626995,0,3633.333333333333,630628.3333333334
service_items,delay,17,17,0,0,1376.6377314814815,1376.6377314814815
service_items,repair,17,17,28774,0,1220.8333333333335,29994.833333333336
tower_substructure,delay,17,17,0,0,917.4516203703704,917.4516203703704
tower_substructure,repair,17,17,352479,0,950.8333333333334,353429.8333333334
transformer,delay,17,17,0,0,1154.1587962962963,1154.1587962962963
transformer,maintenance,17,17,4176,0,580.0,4756.0
transformer,repair,17,17,32250,0,110.0,32360.0
xformer,delay,17,17,0,0,15347.418981481482,15347.418981481482
xformer,repair,17,17,249860,0,959.1666666666667,250819.16666666666
yaw,delay,17,17,0,0,102445.35162037036,102445.35162037036
yaw,repair,17,17,157433,0,9221.666666666668,166654.66666666666
blades,delay,18,18,0,0,155476.08564814815,155476.08564814815
blades,repair,18,18,470125,0,52797.5,522922.5
controls,delay,18,18,0,0,7083.202777777778,7083.202777777778
controls,repair,18,18,572388,0,5681.666666666666,578069.6666666666
electrical,delay,18,18,0,0,41989.46388888889,41989.46388888889
electrical,repair,18,18,254167,0,6153.333333333333,260320.3333333333
gearbox,delay,18,18,0,0,27232495.8875,27232495.8875
gearbox,repair,18,18,19817084,0,1903768.125,21720852.125
generator,delay,18,18,0,0,7319524.340972222,7319524.340972222
generator,repair,18,18,7011092,0,451586.6666666667,7462678.666666667
heat_cool,delay,18,18,0,0,1904.9266203703703,1904.9266203703703
heat_cool,repair,18,18,298968,0,1656.6666666666667,300624.6666666666
hub,delay,18,18,0,0,468338.05416666664,468338.05416666664
hub,repair,18,18,571375,0,99235.8326388889,670610.8326388889
main_bearing_failures,delay,18,18,0,0,450031.14444444445,450031.14444444445
main_bearing_failures,repair,18,18,969000,0,111192.0,1080192.0
main_bearing_maintenance,delay,18,18,0,0,3274.9814814814813,3274.9814814814813
main_bearing_maintenance,maintenance,18,18,620000,0,1240.0,621240.0
oil,delay,18,18,0,0,3075.687037037037,3075.687037037037
oil,repair,18,18,238134,0,2771.6666666666665,240905.66666666666
other,delay,18,18,0,0,10031.337268518519,10031.337268518519
other,repair,18,18,646852,0,8607.5,655459.5
pitch,delay,18,18,0,0,25787.179398148146,25787.179398148146
pitch,repair,18,18,1635855,0,21011.666666666668,1656866.6666666667
power_supply,delay,18,18,0,0,653680.9293981482,653680.9293981482
power_supply,repair,18,18,1575066,0,74439.16666666667,1649505.1666666665
pump_motor,delay,18,18,0,0,2558.254398148148,2558.254398148148
pump_motor,repair,18,18,519152,0,2410.0,521562.00000000006
relay,delay,18,18,0,0,572774.6685185186,572774.6685185186
relay,repair,18,18,802687,0,74993.33333333333,877680.3333333334
safety,delay,18,18,0,0,1204.8733796296297,1204.8733796296297
safety,repair,18,18,182900,0,1201.6666666666665,184101.66666666666
sensors,delay,18,18,0,0,4064.917824074074,4064.917824074074
sensors,repair,18,18,662048,0,4065.0,666113.0
service_items,delay,18,18,0,0,1325.8013888888888,1325.8013888888888
service_items,repair,18,18,27993,0,1265.8333333333335,29258.833333333336
tower_substructure,delay,18,18,0,0,1413.2722222222221,1413.2722222222221
tower_substructure,repair,18,18,335396,0,978.3333333333334,336374.3333333334
transformer,delay,18,18,0,0,1195.825462962963,1195.825462962963
transformer,maintenance,18,18,4176,0,580.0,4756.0
transformer,repair,18,18,5175,0,90.0,5265.0
xformer,delay,18,18,0,0,12258.465277777777,12258.465277777777
xformer,repair,18,18,164331,0,1017.5,165348.5
yaw,delay,18,18,0,0,1724.930324074074,1724.930324074074
yaw,repair,18,18,107306,0,1462.5,108768.5
blades,delay,19,19,0,0,6852.356481481482,6852.356481481482
blades,repair,19,19,295407,0,7277.5,302684.5
controls,delay,19,19,0,0,138288.48310185186,138288.48310185186
controls,repair,19,19,585040,0,13253.333333333332,598293.3333333334
electrical,delay,19,19,0,0,90263.16990740741,90263.16990740741
electrical,repair,19,19,291718,0,9240.0,300958.0
gearbox,delay,19,19,0,0,26747426.09699074,26747426.09699074
gearbox,repair,19,19,20546702,0,1971620.8333333333,22518322.833333332
generator,delay,19,19,0,0,6782268.004166666,6782268.004166666
generator,repair,19,19,7126864,0,439435.8321759259,7566299.832175926
heat_cool,delay,19,19,0,0,2542.4296296296297,2542.4296296296297
heat_cool,repair,19,19,327400,0,1814.1666666666667,329214.1666666666
hub,delay,19,19,0,0,2132459.128472222,2132459.128472222
hub,repair,19,19,609363,0,99645.0,709008.0
main_bearing_failures,delay,19,19,0,0,141300.1511574074,141300.1511574074
main_bearing_failures,repair,19,19,1111000,0,74228.0,1185228.0
main_bearing_maintenance,delay,19,19,0,0,2765.7398148148145,2765.7398148148145
main_bearing_maintenance,maintenance,19,19,632500,0,1265.0,633765.0
oil,delay,19,19,0,0,3470.6805555555557,3470.6805555555557
oil,repair,19,19,248756,0,2961.6666666666665,251717.66666666666
other,delay,19,19,0,0,57287.362499999996,57287.362499999996
other,repair,19,19,658890,0,14474.166666666668,673364.1666666666
pitch,delay,19,19,0,0,33141.13680555556,33141.13680555556
pitch,repair,19,19,1656210,0,21616.666666666668,1677826.6666666667
power_supply,delay,19,19,0,0,175898.92337962962,175898.92337962962
power_supply,repair,19,19,1250759,0,29306.666666666664,1280065.6666666665
pump_motor,delay,19,19,0,0,3223.2074074074076,3223.2074074074076
pump_motor,repair,19,19,515606,0,2316.6666666666665,517922.6666666667
relay,delay,19,19,0,0,4172.393981481481,4172.393981481481
relay,repair,19,19,642415,0,3709.1666666666665,646124.1666666666
safety,delay,19,19,0,0,1432.3738425925926,1432.3738425925926
safety,repair,19,19,193398,0,1235.0,194633.0
sensors,delay,19,19,0,0,4246.56712962963,4246.56712962963
sensors,repair,19,19,712945,0,4083.333333333333,717028.3333333334
service_items,delay,19,19,0,0,1162.4719907407407,1162.4719907407407
service_items,repair,19,19,41444,0,1472.5,42916.5
tower_substructure,delay,19,19,0,0,905.7916666666666,905.7916666666666
tower_substructure,repair,19,19,315445,0,829.1666666666666,316274.1666666667
transformer,delay,19,19,0,0,1110.8150462962963,1110.8150462962963
transformer,maintenance,19,19,4176,0,580.0,4756.0
transformer,repair,19,19,3450,0,60.0,3510.0
xformer,delay,19,19,0,0,8827.092592592593,8827.092592592593
xformer,repair,19,19,514532,0,1644.1666666666667,516176.1666666666
yaw,delay,19,19,0,0,170070.35625,170070.35625
yaw,repair,19,19,196185,0,9425.833333333334,205610.83333333334
blades,delay,20,20,0,0,508696.06111111114,508696.06111111114
blades,repair,20,20,466179,0,52592.5,518771.5
controls,delay,20,20,0,0,19205.725462962964,19205.725462962964
controls,repair,20,20,513157,0,7073.333333333333,520230.3333333333
electrical,delay,20,20,0,0,14451.507870370371,14451.507870370371
electrical,repair,20,20,247059,0,6328.333333333333,253387.3333333333
gearbox,delay,20,20,0,0,29548994.153935187,29548994.153935187
gearbox,repair,20,20,19411491,0,1866290.625,21277781.625
generator,delay,20,20,0,0,5160528.450231481,5160528.450231481
generator,repair,20,20,7007045,0,426374.1666666667,7433419.166666667
heat_cool,delay,20,20,0,0,2475.754398148148,2475.754398148148
heat_cool,repair,20,20,344088,0,1906.6666666666667,345994.6666666666
hub,delay,20,20,0,0,146604.25787037038,146604.25787037038
hub,repair,20,20,409612,0,52035.0,461647.0
main_bearing_failures,delay,20,20,0,0,457592.55916666664,457592.55916666664
main_bearing_failures,repair,20,20,1294500,0,111262.0,1405762.0
main_bearing_maintenance,delay,20,20,0,0,3458.296296296296,3458.296296296296
main_bearing_maintenance,maintenance,20,20,635000,0,1270.0,636270.0
oil,delay,20,20,0,0,3289.834953703704,3289.834953703704
oil,repair,20,20,261703,0,3075.0,264778.0
other,delay,20,20,0,0,9882.205324074073,9882.205324074073
other,repair,20,20,609016,0,8309.166666666668,617325.1666666666
pitch,delay,20,20,0,0,34985.10254629629,34985.10254629629
pitch,repair,20,20,1580950,0,20372.5,1601322.5
power_supply,delay,20,20,0,0,284000.8532407407,284000.8532407407
power_supply,repair,20,20,1426182,0,38494.166666666664,1464676.1666666665
pump_motor,delay,20,20,0,0,3611.5557870370367,3611.5557870370367
pump_motor,repair,20,20,575296,0,2535.0,577831.0
relay,delay,20,20,0,0,901747.7657407408,901747.7657407408
relay,repair,20,20,784699,0,74960.0,859659.0
safety,delay,20,20,0,0,1769.875925925926,1769.875925925926
safety,repair,20,20,178598,0,1242.5,179840.5
sensors,delay,20,20,0,0,3908.219675925926,3908.219675925926
sensors,repair,20,20,689799,0,3978.333333333333,693777.3333333334
service_items,delay,20,20,0,0,1417.4574074074073,1417.4574074074073
service_items,repair,20,20,32393,0,1304.1666666666667,33697.16666666667
tower_substructure,delay,20,20,0,0,1099.9488425925927,1099.9488425925927
tower_substructure,repair,20,20,346685,0,937.5,347622.5
transformer,delay,20,20,0,0,1073.3324074074073,1073.3324074074073
transformer,maintenance,20,20,4176,0,580.0,4756.0
transformer,repair,20,20,4600,0,80.0,4680.0
xformer,delay,20,20,0,0,1141.6393518518519,1141.6393518518519
xformer,repair,20,20,146645,0,944.1666666666667,147589.16666666666
yaw,delay,20,20,0,0,115965.02222222222,115965.02222222222
yaw,repair,20,20,131796,0,9113.333333333334,140909.33333333334
blades,delay,21,21,0,0,124221.49513888887,124221.49513888887
blades,repair,21,21,471094,0,52970.0,524064.0
controls,delay,21,21,0,0,48798.60486111111,48798.60486111111
controls,repair,21,21,576269,0,7438.333333333333,583707.3333333334
electrical,delay,21,21,0,0,90526.65208333333,90526.65208333333
electrical,repair,21,21,225371,0,6128.333333333334,231499.3333333333
gearbox,delay,21,21,0,0,27891005.14560185,27891005.14560185
gearbox,repair,21,21,18633933,0,1820566.6666666667,20454499.666666668
generator,delay,21,21,0,0,6339214.028472222,6339214.028472222
generator,repair,21,21,7022908,0,439238.3333333333,7462146.333333333
heat_cool,delay,21,21,0,0,2345.7666666666664,2345.7666666666664
heat_cool,repair,21,21,303784,0,1683.3333333333335,305467.3333333333
hub,delay,21,21,0,0,479251.7925925926,479251.7925925926
hub,repair,21,21,431330,0,52510.0,483840.0
main_bearing_failures,delay,21,21,0,0,217713.83148148147,217713.83148148147
main_bearing_failures,repair,21,21,834500,0,37174.0,871674.0
main_bearing_maintenance,delay,21,21,0,0,3371.4576388888886,3371.4576388888886
main_bearing_maintenance,maintenance,21,21,630000,0,1260.0,631260.0
oil,delay,21,21,0,0,3693.2060185185182,3693.2060185185182
oil,repair,21,21,262861,0,2956.6666666666665,265817.6666666666
other,delay,21,21,0,0,9585.572685185185,9585.572685185185
other,repair,21,21,652484,0,8592.5,661076.5
pitch,delay,21,21,0,0,64166.74791666667,64166.74791666667
pitch,repair,21,21,1578915,0,24500.83263888889,1603415.8326388889
power_supply,delay,21,21,0,0,646456.9627314815,646456.9627314815
power_supply,repair,21,21,1624197,0,65578.33333333333,1689775.3333333333
pump_motor,delay,21,21,0,0,2843.2266203703703,2843.2266203703703
pump_motor,repair,21,21,453054,0,2151.6666666666665,455205.6666666667
relay,delay,21,21,0,0,622697.8900462963,622697.8900462963
relay,repair,21,21,793959,0,51485.833333333336,845444.8333333334
safety,delay,21,21,0,0,1923.2108796296295,1923.2108796296295
safety,repair,21,21,175552,0,1193.3333333333333,176745.3333333333
sensors,delay,21,21,0,0,3937.395833333333,3937.395833333333
sensors,repair,21,21,642535,0,3741.6666666666665,646276.6666666666
service_items,delay,21,21,0,0,935.7953703703704,935.7953703703704
service_items,repair,21,21,30974,0,1240.0,32214.000000000004
tower_substructure,delay,21,21,0,0,945.7939814814814,945.7939814814814
tower_substructure,repair,21,21,322900,0,935.0,323835.0
transformer,delay,21,21,0,0,1119.995138888889,1119.995138888889
transformer,maintenance,21,21,4176,0,580.0,4756.0
transformer,repair,21,21,2875,0,50.0,2925.0
xformer,delay,21,21,0,0,3971.7803240740736,3971.7803240740736
xformer,repair,21,21,383133,0,1277.5,384410.5
yaw,delay,21,21,0,0,368231.6127314815,368231.6127314815
yaw,repair,21,21,127156,0,16664.166666666668,143820.16666666666
blades,delay,22,22,0,0,1220647.1180555555,1220647.1180555555
blades,repair,22,22,576337,0,97812.5,674149.5
controls,delay,22,22,0,0,6280.716898148148,6280.716898148148
controls,repair,22,22,503448,0,5251.666666666666,508699.6666666667
electrical,delay,22,22,0,0,257036.68703703705,257036.68703703705
electrical,repair,22,22,329093,0,17494.166666666668,346587.1666666666
gearbox,delay,22,22,0,0,26844241.544444446,26844241.544444446
gearbox,repair,22,22,19409281,0,1885438.5416666667,21294719.541666668
generator,delay,22,22,0,0,7074848.769907407,7074848.769907407
generator,repair,22,22,7636872,0,515862.5,8152734.5
heat_cool,delay,22,22,0,0,2140.755787037037,2140.755787037037
heat_cool,repair,22,22,322128,0,1785.0,323913.0
hub,delay,22,22,0,0,1121408.477314815,1121408.477314815
hub,repair,22,22,430515,0,52260.0,482775.0
main_bearing_failures,delay,22,22,0,0,602200.6483796296,602200.6483796296
main_bearing_failures,repair,22,22,1754500,0,185350.0,1939850.0
main_bearing_maintenance,delay,22,22,0,0,3127.4821759259257,3127.4821759259257
main_bearing_maintenance,maintenance,22,22,617500,0,1235.0,618735.0
oil,delay,22,22,0,0,3984.0118055555554,3984.0118055555554
oil,repair,22,22,256264,0,3005.0,259268.99999999997
other,delay,22,22,0,0,9488.05,9488.05
other,repair,22,22,642046,0,8495.0,650541.0
pitch,delay,22,22,0,0,20241.31574074074,20241.31574074074
pitch,repair,22,22,1679680,0,17916.666666666668,1697596.6666666667
power_supply,delay,22,22,0,0,28169.746296296296,28169.746296296296
power_supply,repair,22,22,1396991,0,11602.5,1408593.5
pump_motor,delay,22,22,0,0,2984.886574074074,2984.886574074074
pump_motor,repair,22,22,589212,0,2610.0,591822.0
relay,delay,22,22,0,0,5013.2032407407405,5013.2032407407405
relay,repair,22,22,695145,0,3976.6666666666665,699121.6666666666
safety,delay,22,22,0,0,1409.04375,1409.04375
safety,repair,22,22,192978,0,1231.6666666666665,194209.66666666666
sensors,delay,22,22,0,0,4729.9018518518515,4729.9018518518515
sensors,repair,22,22,678232,0,4085.0,682317.0
service_items,delay,22,22,0,0,1818.2974537037037,1818.2974537037037
service_items,repair,22,22,35360,0,1438.3333333333335,36798.333333333336
tower_substructure,delay,22,22,0,0,1323.2694444444444,1323.2694444444444
tower_substructure,repair,22,22,317369,0,957.5,318326.5
transformer,delay,22,22,0,0,1148.329861111111,1148.329861111111
transformer,maintenance,22,22,4176,0,580.0,4756.0
transformer,repair,22,22,5750,0,100.0,5850.0
xformer,delay,22,22,0,0,4594.561805555555,4594.561805555555
xformer,repair,22,22,161867,0,924.1666666666667,162791.16666666666
yaw,delay,22,22,0,0,2234.928009259259,2234.928009259259
yaw,repair,22,22,120282,0,1483.3333333333335,121765.33333333333
blades,delay,23,23,0,0,8178.1615740740735,8178.1615740740735
blades,repair,23,23,286188,0,6880.0,293068.0
controls,delay,23,23,0,0,82385.73796296297,82385.73796296297
controls,repair,23,23,588897,0,7588.333333333333,596485.3333333334
electrical,delay,23,23,0,0,75002.73611111111,75002.73611111111
electrical,repair,23,23,318265,0,12258.333333333334,330523.3333333333
gearbox,delay,23,23,0,0,30855435.877546296,30855435.877546296
gearbox,repair,23,23,20909191,0,2042951.9208333334,22952142.920833334
generator,delay,23,23,0,0,3345566.1310185185,3345566.1310185185
generator,repair,23,23,5871423,0,298532.5,6169955.5
heat_cool,delay,23,23,0,0,1916.6004629629629,1916.6004629629629
heat_cool,repair,23,23,306496,0,1698.3333333333335,308194.3333333333
hub,delay,23,23,0,0,149530.5662037037,149530.5662037037
hub,repair,23,23,399194,0,51968.33333333333,451162.3333333333
main_bearing_failures,delay,23,23,0,0,494857.61791666667,494857.61791666667
main_bearing_failures,repair,23,23,1387500,0,111282.0,1498782.0
main_bearing_maintenance,delay,23,23,0,0,2946.6497685185186,2946.6497685185186
main_bearing_maintenance,maintenance,23,23,622500,0,1245.0,623745.0
oil,delay,23,23,0,0,3810.6849537037037,3810.6849537037037
oil,repair,23,23,258854,0,3038.333333333333,261892.3333333333
other,delay,23,23,0,0,28528.18356481481,28528.18356481481
other,repair,23,23,726862,0,14376.666666666668,741238.6666666666
pitch,delay,23,23,0,0,366339.19189814816,366339.19189814816
pitch,repair,23,23,1567750,0,32422.5,1600172.5
power_supply,delay,23,23,0,0,717374.1032407407,717374.1032407407
power_supply,repair,23,23,1662385,0,65683.33333333333,1728068.3333333333
pump_motor,delay,23,23,0,0,2542.413888888889,2542.413888888889
pump_motor,repair,23,23,501808,0,2396.6666666666665,504204.6666666667
relay,delay,23,23,0,0,755236.9402777777,755236.9402777777
relay,repair,23,23,809113,0,28058.333333333332,837171.3333333334
safety,delay,23,23,0,0,1644.8868055555556,1644.8868055555556
safety,repair,23,23,180800,0,1185.0,181985.0
sensors,delay,23,23,0,0,3607.3960648148145,3607.3960648148145
sensors,repair,23,23,559355,0,3791.6666666666665,563146.6666666666
service_items,delay,23,23,0,0,1361.6270833333333,1361.6270833333333
service_items,repair,23,23,30580,0,1302.5,31882.500000000004
tower_substructure,delay,23,23,0,0,974.1104166666667,974.1104166666667
tower_substructure,repair,23,23,334225,0,925.8333333333334,335150.8333333334
transformer,delay,23,23,0,0,1142.4974537037037,1142.4974537037037
transformer,maintenance,23,23,4176,0,580.0,4756.0
transformer,repair,23,23,32250,0,110.0,32360.0
xformer,delay,23,23,0,0,1207.4780092592591,1207.4780092592591
xformer,repair,23,23,42994,0,793.3333333333334,43787.333333333336
yaw,delay,23,23,0,0,346926.66875,346926.66875
yaw,repair,23,23,143410,0,9109.166666666666,152519.16666666666
blades,delay,24,24,0,0,1385271.9905092593,1385271.9905092593
blades,repair,24,24,733647,0,143052.5,876699.5
controls,delay,24,24,0,0,157850.41550925927,157850.41550925927
controls,repair,24,24,614779,0,11145.0,625924.0
electrical,delay,24,24,0,0,57282.58449074074,57282.58449074074
electrical,repair,24,24,236703,0,6276.666666666667,242979.66666666666
gearbox,delay,24,24,0,0,28533703.947685186,28533703.947685186
gearbox,repair,24,24,20556220,0,1971710.4166666667,22527930.416666668
generator,delay,24,24,0,0,4760790.175694444,4760790.175694444
generator,repair,24,24,6774315,0,388667.5,7162982.5
heat_cool,delay,24,24,0,0,1959.9354166666667,1959.9354166666667
heat_cool,repair,24,24,288600,0,1599.1666666666667,290199.1666666666
hub,delay,24,24,0,0,6728.268981481481,6728.268981481481
hub,repair,24,24,281280,0,5425.0,286705.0
main_bearing_failures,delay,24,24,0,0,78290.89884259259,78290.89884259259
main_bearing_failures,repair,24,24,927500,0,37194.0,964694.0
main_bearing_maintenance,delay,24,24,0,0,3052.443287037037,3052.443287037037
main_bearing_maintenance,maintenance,24,24,647500,0,1295.0,648795.0
oil,delay,24,24,0,0,3337.371990740741,3337.371990740741
oil,repair,24,24,251989,0,2923.333333333333,254912.3333333333
other,delay,24,24,0,0,10684.72962962963,10684.72962962963
other,repair,24,24,626542,0,8499.166666666668,635041.1666666666
pitch,delay,24,24,0,0,48077.09398148148,48077.09398148148
pitch,repair,24,24,1620575,0,24788.333333333332,1645363.3333333335
power_supply,delay,24,24,0,0,862137.1148148148,862137.1148148148
power_supply,repair,24,24,1515021,0,56565.833333333336,1571586.8333333333
pump_motor,delay,24,24,0,0,3312.400462962963,3312.400462962963
pump_motor,repair,24,24,628578,0,2713.333333333333,631291.3333333334
relay,delay,24,24,0,0,406064.14699074073,406064.14699074073
relay,repair,24,24,699445,0,51037.5,750482.5
safety,delay,24,24,0,0,1394.9030092592593,1394.9030092592593
safety,repair,24,24,168412,0,1136.6666666666665,169548.66666666666
sensors,delay,24,24,0,0,5280.7342592592595,5280.7342592592595
sensors,repair,24,24,670213,0,3865.0,674078.0
service_items,delay,24,24,0,0,1392.4516203703704,1392.4516203703704
service_items,repair,24,24,33038,0,1333.3333333333335,34371.333333333336
tower_substructure,delay,24,24,0,0,1159.9430555555555,1159.9430555555555
tower_substructure,repair,24,24,326914,0,946.6666666666666,327860.6666666667
transformer,delay,24,24,0,0,1321.6590277777777,1321.6590277777777
transformer,maintenance,24,24,4176,0,580.0,4756.0
transformer,repair,24,24,65075,0,230.0,65305.0
xformer,delay,24,24,0,0,879.9791666666666,879.9791666666666
xformer,repair,24,24,26874,0,660.0,27534.0
yaw,delay,24,24,0,0,1564.9479166666667,1564.9479166666667
yaw,repair,24,24,115654,0,1470.8333333333335,117124.83333333333
blades,delay,25,25,0,0,911686.3365740741,911686.3365740741
blades,repair,25,25,437784,0,52305.0,490089.0
controls,delay,25,25,0,0,7099.872453703703,7099.872453703703
controls,repair,25,25,532264,0,5570.0,537834.0
electrical,delay,25,25,0,0,20223.836574074074,20223.836574074074
electrical,repair,25,25,259671,0,6223.333333333333,265894.3333333333
gearbox,delay,25,25,0,0,26904237.466666665,26904237.466666665
gearbox,repair,25,25,20882699,0,2007851.25,22890550.25
generator,delay,25,25,0,0,5375396.340277778,5375396.340277778
generator,repair,25,25,6912638,0,426291.6666666667,7338929.666666667
heat_cool,delay,25,25,0,0,2182.429861111111,2182.429861111111
heat_cool,repair,25,25,313264,0,1735.8333333333335,314999.8333333333
hub,delay,25,25,0,0,7719.907638888889,7719.907638888889
hub,repair,25,25,302547,0,5975.0,308522.0
main_bearing_failures,delay,25,25,0,0,401624.2763888889,401624.2763888889
main_bearing_failures,repair,25,25,1434000,0,111292.0,1545292.0
main_bearing_maintenance,delay,25,25,0,0,2762.4342592592593,2762.4342592592593
main_bearing_maintenance,maintenance,25,25,637500,0,1275.0,638775.0
oil,delay,25,25,0,0,3489.050694444444,3489.050694444444
oil,repair,25,25,235422,0,2870.0,238291.99999999997
other,delay,25,25,0,0,92783.63078703704,92783.63078703704
other,repair,25,25,603754,0,19429.166666666668,623183.1666666666
pitch,delay,25,25,0,0,60751.981944444444,60751.981944444444
pitch,repair,25,25,1626570,0,21170.833333333332,1647740.8333333335
power_supply,delay,25,25,0,0,824984.611574074,824984.611574074
power_supply,repair,25,25,1511917,0,56519.16666666667,1568436.1666666665
pump_motor,delay,25,25,0,0,2915.725925925926,2915.725925925926
pump_motor,repair,25,25,528518,0,2361.6666666666665,530879.6666666667
relay,delay,25,25,0,0,1532711.1273148148,1532711.1273148148
relay,repair,25,25,739346,0,74710.0,814056.0
safety,delay,25,25,0,0,1621.5534722222221,1621.5534722222221
safety,repair,25,25,180592,0,1233.3333333333333,181825.3333333333
sensors,delay,25,25,0,0,3865.75625,3865.75625
sensors,repair,25,25,635002,0,3535.0,638537.0
service_items,delay,25,25,0,0,1295.795138888889,1295.795138888889
service_items,repair,25,25,32522,0,1310.0,33832.0
tower_substructure,delay,25,25,0,0,1169.107638888889,1169.107638888889
tower_substructure,repair,25,25,349445,0,1019.1666666666666,350464.1666666667
transformer,delay,25,25,0,0,1098.3296296296296,1098.3296296296296
transformer,maintenance,25,25,4176,0,580.0,4756.0
transformer,repair,25,25,32250,0,110.0,32360.0
xformer,delay,25,25,0,0,4421.439814814815,4421.439814814815
xformer,repair,25,25,142153,0,893.3333333333334,143046.33333333334
yaw,delay,25,25,0,0,586632.7069444444,586632.7069444444
yaw,repair,25,25,180739,0,24631.666666666668,205370.66666666666
