run,random_seed,year,Large Crane 1,Large Crane 2,Large Crane for MB,Truck 1,Truck 2,Truck 3
1,1,2017,1381116.38125,0.0,0.0,7279.462037037037,7279.435185185185,7279.425925925926
1,1,2018,1163700.45,510391.4125,0.0,7299.464814814814,7299.428935185185,7299.459722222222
1,1,2019,1204094.825,469996.25,0.0,7299.4875,7299.461805555556,7299.474999999999
1,1,2020,1383480.0,0.0,0.0,7319.464814814814,7319.459722222222,7319.438888888889
1,1,2021,1098260.03125,575831.7,0.0,7299.45,7299.435648148148,7299.468981481481
1,1,2022,1193389.50625,480702.225,0.0,7299.472453703704,7299.4537037037035,7299.471064814815
1,1,2023,1219534.59375,454557.1375,0.0,7299.441666666667,7299.439583333333,7299.449074074074
1,1,2024,1147517.89375,530354.1,0.0,7319.460185185185,7319.4837962962965,7319.468055555555
1,1,2025,1291787.5875,382303.96875,0.0,7299.462037037037,7299.47962962963,7299.450925925926
1,1,2026,832033.125,677380.48125,0.0,7299.439814814815,7299.458101851852,7299.481018518519
1,1,2027,1215715.65625,475859.275,0.0,7299.444907407407,7299.456712962963,7299.438888888889
1,1,2028,1287692.325,242983.125,0.0,7319.43912037037,7319.46087962963,7319.44212962963
1,1,2029,940996.7625,733095.8,0.0,7299.46087962963,7299.470138888889,7299.428703703704
1,1,2030,997656.73125,823630.75625,0.0,7299.461805555556,7299.446527777777,7299.437268518518
1,1,2031,739392.43125,934699.08125,0.0,7299.465972222222,7299.462037037037,7299.435648148148
1,1,2032,1038719.34375,491956.325,631784.615,7319.496759259259,7319.470138888889,7319.484722222222
1,1,2033,943905.21875,877382.4,0.0,7299.491203703704,7299.466203703703,7299.450462962963
1,1,2034,1064825.84375,462069.475,0.0,7299.459259259259,7299.424074074074,7299.45787037037
1,1,2035,1122123.075,551812.95,0.0,7299.46412037037,7299.4631944444445,7299.465046296296
1,1,2036,1287495.5375,390375.14375,0.0,7319.475231481481,7319.477314814814,7319.438425925926
1,1,2037,823146.5125,998140.8875,0.0,7299.480787037037,7299.471527777778,7299.444444444444
1,1,2038,1151726.90625,522365.83125,0.0,7299.455092592592,7299.4636574074075,7299.449074074074
1,1,2039,1271321.00625,549966.875,0.0,7299.472453703704,7299.479861111111,7299.427546296296
1,1,2040,1322811.7625,355060.625,0.0,7319.450925925926,7319.444907407407,7319.434722222222
1,1,2041,1227883.05625,446210.6875,0.0,7299.423611111111,7299.466203703703,7299.46875
1,1,2042,1288283.475,385808.86875,0.0,7299.457175925926,7299.466203703703,7299.463425925926
1,1,2043,1340296.975,333793.70625,0.0,7299.458564814815,7299.459722222222,7299.449537037037
1,1,2044,1200669.4625,477201.875,0.0,7319.443981481481,7319.462268518519,7319.45625
1,1,2045,1304028.35625,370062.5,0.0,7299.47037037037,7299.469907407407,7299.467361111111
1,1,2046,1247255.03125,426838.05625,0.0,7299.496064814814,7299.455555555555,7299.438194444444
2,2,2017,1495238.0375,0.0,,7279.470138888889,7279.467592592592,7279.449305555556
2,2,2018,1294858.925,379231.58125,,7299.423611111111,7299.437037037037,7299.43287037037
2,2,2019,1071839.975,602252.19375,,7299.4532407407405,7299.456018518518,7299.479398148148
2,2,2020,1147793.825,530078.08125,,7319.436805555555,7319.458101851852,7319.468055555555
2,2,2021,1213229.86875,460861.25,,7299.444444444444,7299.471527777778,7299.483101851852
2,2,2022,1193385.13125,480706.25,,7299.4643518518515,7299.441435185185,7299.444675925925
2,2,2023,1381996.36875,292095.275,,7299.437268518518,7299.479166666666,7299.415277777777
2,2,2024,849445.5125,975622.4125,,7319.4631944444445,7319.451157407408,7319.435648148148
2,2,2025,907010.66875,767081.0625,,7299.43449074074,7299.45,7299.455787037037
2,2,2026,935443.88125,738647.98125,,7299.4625,7299.4537037037035,7299.435648148148
2,2,2027,1091014.4625,435881.25,,7299.4643518518515,7299.477083333333,7299.443518518518
2,2,2028,1333402.45625,344468.75,,7319.4425925925925,7319.474999999999,7319.408333333333
2,2,2029,866013.75,643083.71875,,7299.449074074074,7299.489814814815,7299.440046296296
2,2,2030,1336331.31875,502751.0,,7299.46087962963,7299.452314814815,7299.447453703704
2,2,2031,949134.375,577761.5125,,7299.446296296296,7299.446990740741,7299.458333333333
2,2,2032,1497293.65,327423.4875,,7319.452314814815,7319.46087962963,7319.462268518519
2,2,2033,1381995.40625,292096.4125,,7299.459027777778,7299.43912037037,7299.458564814815
2,2,2034,1081591.875,445304.0125,,7299.466898148148,7299.427777777778,7299.457638888889
2,2,2035,739391.64375,934700.48125,,7299.469907407407,7299.461111111111,7299.45787037037
2,2,2036,1091798.55,438877.38125,,7319.461111111111,7319.424305555555,7319.452777777778
2,2,2037,992733.7625,828552.5,,7299.452083333334,7299.45787037037,7299.45
2,2,2038,1088017.28125,438877.38125,,7299.476851851852,7299.461111111111,7299.422916666666
2,2,2039,1132275.525,541816.25,,7299.486574074074,7299.482638888889,7299.4740740740735
2,2,2040,1149010.03125,528861.875,,7319.45787037037,7319.4428240740735,7319.451620370371
2,2,2041,1081591.875,445304.45,,7299.476157407407,7299.456712962963,7299.439583333333
2,2,2042,739392.7375,934348.03125,,7299.4428240740735,7299.446064814815,7299.463425925926
2,2,2043,1230913.18125,295983.14375,,7299.453935185185,7299.480324074074,7299.434722222222
2,2,2044,1393571.48125,284299.33125,,7319.412962962962,7319.4430555555555,7319.4532407407405
2,2,2045,1106214.0,715074.5375,,7299.474999999999,7299.447222222222,7299.443518518518
2,2,2046,1086875.49375,440020.13125,,7299.475694444444,7299.428472222222,7299.461805555556
3,3,2017,1510817.63125,0.0,0.0,7279.431481481482,7279.462731481482,7279.446527777777
3,3,2018,1152750.48125,521341.25,0.0,7299.471296296296,7299.451157407408,7299.486342592592
3,3,2019,1325732.3375,345177.5,804475.56,7299.4525462962965,7299.46875,7299.456712962963
3,3,2020,1289255.625,241421.00625,0.0,7319.4319444444445,7319.4537037037035,7319.450925925926
3,3,2021,1098259.55,428636.25,0.0,7299.453472222222,7299.448148148148,7299.453472222222
3,3,2022,1298871.15,375220.625,0.0,7299.483333333334,7299.441898148148,7299.446064814815
3,3,2023,964333.125,562562.89375,0.0,7299.451388888889,7299.417592592593,7299.446990740741
3,3,2024,1385496.4125,145179.60625,0.0,7319.424768518518,7319.47337962963,7319.461342592593
3,3,2025,1401564.825,271309.51875,0.0,7299.475925925926,7299.41875,7299.469444444444
3,3,2026,1227567.61875,446524.6375,0.0,7299.464814814814,7299.458333333333,7299.461574074074
3,3,2027,1043634.375,483260.9,0.0,7299.467129629629,7299.468981481481,7299.41712962963
3,3,2028,1090497.81875,440177.85,0.0,7319.450462962963,7319.459490740741,7319.4875
3,3,2029,1182443.475,491648.7375,0.0,7299.450462962963,7299.4425925925925,7299.45625
3,3,2030,1020875.625,506020.4375,0.0,7299.447916666667,7299.465972222222,7299.476157407407
3,3,2031,1525518.15625,1378.125,0.0,7299.435879629629,7299.43287037037,7299.44537037037
3,3,2032,1238119.15625,439752.4,0.0,7319.475231481481,7319.429398148148,7319.469907407407
3,3,2033,1288830.39375,385261.25,0.0,7299.444675925926,7299.464583333333,7299.4738425925925
3,3,2034,1280604.65,393486.73125,0.0,7299.473148148148,7299.486111111111,7299.482407407408
3,3,2035,1291428.35625,382662.5,0.0,7299.4430555555555,7299.488194444444,7299.420833333334
3,3,2036,1287653.5625,390218.95625,0.0,7319.4537037037035,7319.446064814815,7319.455092592592
3,3,2037,1302537.09375,371555.6,0.0,7299.437731481481,7299.46412037037,7299.446759259259
3,3,2038,1283873.78125,390217.64375,0.0,7299.413194444444,7299.439351851852,7299.4224537037035
3,3,2039,1256975.5375,417115.625,0.0,7299.457638888889,7299.467592592592,7299.442361111111
3,3,2040,1054816.875,475859.0125,0.0,7319.438194444444,7319.439351851852,7319.47962962963
3,3,2041,1299190.875,227705.625,653805.8275,7299.434722222222,7299.468518518518,7299.435416666666
3,3,2042,1196890.075,477201.875,0.0,7299.414583333333,7299.458564814815,7299.4638888888885
3,3,2043,1306156.225,367936.25,0.0,7299.447685185185,7299.47662037037,7299.478472222222
3,3,2044,1313991.7625,363880.625,0.0,7319.460648148148,7319.4740740740735,7319.44837962963
3,3,2045,1295838.925,378252.5,0.0,7299.450462962963,7299.4643518518515,7299.444444444444
3,3,2046,1020875.625,506019.95625,0.0,7299.450925925926,7299.451157407408,7299.479861111111
4,4,2017,1148404.88125,445462.0375,0.0,7279.430092592593,7279.463425925926,7279.482407407408
4,4,2018,1086876.71875,440019.2125,0.0,7299.440509259259,7299.473611111111,7299.440740740741
4,4,2019,1058408.76875,615683.75,0.0,7299.464814814814,7299.419907407408,7299.459490740741
4,4,2020,1383480.0,0.0,646001.3525,7319.446064814814,7319.449537037037,7319.422222222222
4,4,2021,1148497.98125,525593.75,0.0,7299.453935185185,7299.46574074074,7299.486805555555
4,4,2022,1159065.59375,809416.1625,0.0,7299.435416666666,7299.440277777778,7299.4532407407405
4,4,2023,1379700.0,0.0,0.0,7299.4625,7299.439814814815,7299.449537037037
4,4,2024,1102394.05625,575476.8,0.0,7319.446064814815,7319.450694444445,7319.441666666667
4,4,2025,1200866.25,473225.0,0.0,7299.449305555556,7299.464814814814,7299.461342592593
4,4,2026,1253551.44375,420541.25,0.0,7299.4530092592595,7299.429166666667,7299.454166666666
4,4,2027,1186222.90625,487867.90625,0.0,7299.461805555556,7299.438657407407,7299.482407407408
4,4,2028,1204887.1375,472984.41875,0.0,7319.4525462962965,7319.482638888889,7319.466898148148
4,4,2029,1288599.4375,385493.825,0.0,7299.4944444444445,7299.446990740741,7299.433333333333
4,4,2030,983311.875,543583.26875,0.0,7299.437731481481,7299.474768518518,7299.476851851852
4,4,2031,1144800.8,382095.0,0.0,7299.465972222222,7299.46087962963,7299.442361111111
4,4,2032,925205.68125,899860.31875,0.0,7319.46875,7319.485185185185,7319.453472222222
4,4,2033,1227995.275,298900.04375,0.0,7299.478472222222,7299.444444444444,7299.468981481481
4,4,2034,750735.14375,1070550.9875,0.0,7299.445138888889,7299.480787037037,7299.459953703704
4,4,2035,1264381.975,262513.125,0.0,7299.462268518519,7299.467129629629,7299.4525462962965
4,4,2036,1122199.375,555670.95625,0.0,7319.454398148148,7319.450925925926,7319.4631944444445
4,4,2037,1280250.93125,393840.8875,0.0,7299.450694444445,7299.4740740740735,7299.444675925926
4,4,2038,1302412.8875,371676.875,0.0,7299.434027777777,7299.466435185185,7299.443749999999
4,4,2039,1137553.13125,536540.0,0.0,7299.475231481481,7299.47037037037,7299.447685185185
4,4,2040,1292266.9125,385605.5625,0.0,7319.444907407407,7319.467824074074,7319.446064814814
4,4,2041,1379700.0,0.0,0.0,7299.427777777778,7299.445833333333,7299.443749999999
4,4,2042,921268.96875,900018.86875,0.0,7299.464583333333,7299.468518518518,7299.459490740741
4,4,2043,1091523.275,582568.5875,0.0,7299.435185185185,7299.458796296296,7299.468055555555
4,4,2044,1385613.26875,145062.1375,0.0,7319.469212962963,7319.446296296296,7319.432175925926
4,4,2045,1374514.8125,299576.74375,0.0,7299.441435185185,7299.466203703703,7299.4428240740735
4,4,2046,1280290.0,393801.25,0.0,7299.437037037037,7299.49537037037,7299.485879629629
5,5,2017,1109569.45,475859.3625,0.0,7279.4532407407405,7279.462962962963,7279.459259259259
5,5,2018,1264383.375,262513.125,0.0,7299.46087962963,7299.437037037037,7299.455787037037
5,5,2019,1209333.14375,464759.375,0.0,7299.461111111111,7299.456018518518,7299.486111111111
5,5,2020,1223315.25,454557.88125,0.0,7319.439814814815,7319.467824074074,7319.486805555555
5,5,2021,1306671.38125,367419.3875,0.0,7299.450925925926,7299.477083333333,7299.435648148148
5,5,2022,1020875.625,506019.86875,0.0,7299.464814814814,7299.482175925926,7299.446759259259
5,5,2023,1231229.84375,295666.875,0.0,7299.423148148148,7299.4532407407405,7299.440509259259
5,5,2024,1197085.6375,480785.0,0.0,7319.4428240740735,7319.44837962963,7319.439583333333
5,5,2025,888772.5,638123.08125,0.0,7299.42962962963,7299.448148148148,7299.439583333333
5,5,2026,991053.825,830234.625,0.0,7299.462037037037,7299.482175925926,7299.451851851852
5,5,2027,896253.75,630641.30625,0.0,7299.464583333333,7299.468055555555,7299.485185185185
5,5,2028,1221004.525,604064.31875,0.0,7319.480787037037,7319.462962962963,7319.444444444444
5,5,2029,1379700.0,0.0,0.0,7299.456018518518,7299.445601851852,7299.450231481482
5,5,2030,1347935.55,326155.4375,0.0,7299.472685185185,7299.4631944444445,7299.465277777777
5,5,2031,1163617.98125,510473.75,0.0,7299.486805555555,7299.441203703704,7299.458564814815
5,5,2032,1303955.3375,373916.2625,0.0,7319.466203703703,7319.454398148148,7319.45625
5,5,2033,1057230.75625,764056.11875,0.0,7299.478472222222,7299.427546296296,7299.467361111111
5,5,2034,1001200.74375,525695.625,0.0,7299.444444444444,7299.429166666667,7299.441666666667
5,5,2035,1363961.83125,310129.94375,0.0,7299.447685185185,7299.461574074074,7299.437268518518
5,5,2036,1102078.09375,575794.11875,0.0,7319.447685185185,7319.42962962963,7319.444907407407
5,5,2037,1280251.19375,393840.8875,0.0,7299.466435185185,7299.449768518519,7299.490740740741
5,5,2038,1253082.70625,421010.075,0.0,7299.46875,7299.455787037037,7299.450694444445
5,5,2039,1219534.9,454556.30625,0.0,7299.458101851852,7299.450925925926,7299.459027777778
5,5,2040,1249341.81875,428531.225,0.0,7319.446296296296,7319.441435185185,7319.425925925926
5,5,2041,1318598.375,355493.75,0.0,7299.431481481482,7299.420601851852,7299.4428240740735
5,5,2042,1051036.875,475859.5375,0.0,7299.453472222222,7299.437962962963,7299.472453703704
5,5,2043,1031124.475,642966.3375,0.0,7299.45787037037,7299.452083333334,7299.443749999999
5,5,2044,1003692.7625,821374.375,0.0,7319.45625,7319.4643518518515,7319.443749999999
5,5,2045,1408529.2125,265561.25,0.0,7299.484027777778,7299.459953703704,7299.438194444444
5,5,2046,1306432.24375,367660.625,534431.66,7299.46875,7299.451388888889,7299.483564814815
6,6,2017,1438971.6,0.0,,7279.465046296296,7279.441666666667,7279.44212962963
6,6,2018,1163700.1,510391.15,,7299.455324074074,7299.471296296296,7299.427314814815
6,6,2019,1302414.76875,371676.875,,7299.456944444444,7299.432175925926,7299.486342592592
6,6,2020,1209337.25625,468535.39375,,7319.439351851852,7319.418518518519,7319.439583333333
6,6,2021,1341554.175,332538.125,,7299.457407407407,7299.427314814815,7299.4532407407405
6,6,2022,862233.75,664662.35625,,7299.451157407408,7299.469907407407,7299.460648148148
6,6,2023,1294500.9625,232395.14375,,7299.445601851852,7299.442361111111,7299.46412037037
6,6,2024,1133893.61875,543977.54375,,7319.476157407407,7319.465509259259,7319.46412037037
6,6,2025,1228432.73125,445659.525,,7299.473611111111,7299.465509259259,7299.4432870370365
6,6,2026,1322142.125,351950.0,,7299.48125,7299.458564814815,7299.45787037037
6,6,2027,1257728.825,416362.73125,,7299.4636574074075,7299.455787037037,7299.448611111111
6,6,2028,1024655.625,506020.04375,,7319.457407407407,7319.468055555555,7319.420138888889
6,6,2029,1087983.06875,438913.125,,7299.457407407407,7299.427083333333,7299.465046296296
6,6,2030,1219534.50625,454556.9625,,7299.4432870370365,7299.465509259259,7299.44537037037
6,6,2031,964333.125,562563.1125,,7299.462037037037,7299.479398148148,7299.46574074074
6,6,2032,1178895.74375,351780.0125,,7319.435416666666,7319.472222222222,7319.500694444444
6,6,2033,1091566.0625,582525.1875,,7299.467361111111,7299.490046296296,7299.46574074074
6,6,2034,1295091.325,379000.625,,7299.447685185185,7299.481018518519,7299.462731481482
6,6,2035,1182444.21875,491647.55625,,7299.426851851852,7299.458101851852,7299.457407407407
6,6,2036,1302729.33125,375141.875,,7319.425231481481,7319.455092592592,7319.424768518518
6,6,2037,1039972.5,486923.475,,7299.469212962963,7299.472222222222,7299.469444444444
6,6,2038,1091880.8,582210.7125,,7299.429861111111,7299.435416666666,7299.45
6,6,2039,1086876.15,440019.9125,,7299.451157407408,7299.437037037037,7299.4638888888885
6,6,2040,1249651.91875,428219.375,,7319.470601851852,7319.471064814815,7319.456481481481
6,6,2041,1193389.2875,480702.09375,,7299.445138888888,7299.455787037037,7299.458796296296
6,6,2042,1285475.625,241420.30625,,7299.456944444444,7299.452777777778,7299.43287037037
6,6,2043,1495277.675,31618.125,,7299.449074074074,7299.464583333333,7299.458101851852
6,6,2044,1249342.08125,428530.13125,,7319.4944444444445,7319.475231481481,7319.45625
6,6,2045,1209331.9625,464759.375,,7299.444675925925,7299.4530092592595,7299.468981481481
6,6,2046,1212566.3125,461526.6,,7299.462268518519,7299.423842592592,7299.446296296296
7,7,2017,1392513.51875,0.0,0.0,7279.436342592592,7279.439583333333,7279.454629629629
7,7,2018,1163701.0625,510390.5375,0.0,7299.447685185185,7299.4738425925925,7299.461111111111
7,7,2019,1149592.5,377303.5625,0.0,7299.462962962963,7299.435879629629,7299.439351851852
7,7,2020,1407987.5625,417080.1875,0.0,7319.417361111111,7319.441435185185,7319.422685185185
7,7,2021,1081434.375,445461.29375,0.0,7299.457638888889,7299.468518518518,7299.440277777778
7,7,2022,1086875.975,440019.95625,0.0,7299.462268518519,7299.46875,7299.446296296296
7,7,2023,1227090.175,447001.25,637778.54,7299.455787037037,7299.465277777777,7299.464814814814
7,7,2024,1024655.625,506020.91875,0.0,7319.503935185185,7319.44212962963,7319.44537037037
7,7,2025,1167220.59375,650801.0,0.0,7299.456712962963,7299.453935185185,7299.458796296296
7,7,2026,1209021.29375,465071.09375,0.0,7299.459490740741,7299.441435185185,7299.47337962963
7,7,2027,1026908.06875,647183.75,0.0,7299.436111111111,7299.430092592593,7299.469444444444
7,7,2028,1383480.0,0.0,0.0,7319.436574074074,7319.469444444444,7319.469907407407
7,7,2029,1148498.1125,525593.75,0.0,7299.4532407407405,7299.423379629629,7299.47962962963
7,7,2030,1081434.375,445461.55625,0.0,7299.4331018518515,7299.457407407407,7299.458564814815
7,7,2031,1086877.15625,440019.69375,0.0,7299.429398148148,7299.466666666666,7299.428935185185
7,7,2032,1423418.3,254453.34375,0.0,7319.465046296296,7319.467129629629,7319.456712962963
7,7,2033,1285475.625,241419.475,0.0,7299.451851851852,7299.45,7299.43287037037
7,7,2034,1117356.11875,556734.475,0.0,7299.465509259259,7299.460416666667,7299.452083333334
7,7,2035,1196618.3,477472.5125,0.0,7299.475925925925,7299.443981481481,7299.449768518519
7,7,2036,1430911.25,394155.975,0.0,7319.450925925926,7319.417824074074,7319.460185185185
7,7,2037,1219850.20625,454242.70625,0.0,7299.477546296296,7299.46087962963,7299.474768518518
7,7,2038,1081434.375,445462.7375,0.0,7299.487731481481,7299.431712962963,7299.473148148148
7,7,2039,657413.725,1016677.2625,0.0,7299.433796296296,7299.4530092592595,7299.44837962963
7,7,2040,954974.66875,722896.7125,644546.175,7319.488194444444,7319.456944444444,7319.4212962962965
7,7,2041,1193660.1,480431.0625,603010.7125,7299.420833333334,7299.461574074074,7299.446064814814
7,7,2042,1252301.9625,568985.0,0.0,7299.455092592592,7299.446759259259,7299.426851851852
7,7,2043,1227725.25,446366.7875,0.0,7299.448611111111,7299.458796296296,7299.469675925926
7,7,2044,1322810.45,355060.625,0.0,7319.4530092592595,7319.440046296296,7319.456712962963
7,7,2045,1379700.0,0.0,0.0,7299.436574074074,7299.467592592592,7299.419212962963
7,7,2046,1464722.85,209369.8,0.0,7299.466203703703,7299.501851851852,7299.4537037037035
8,8,2017,952982.55625,475858.575,,7279.451157407408,7279.465972222222,7279.418518518519
8,8,2018,1091014.725,435881.25,,7299.471990740741,7299.450231481482,7299.437962962963
8,8,2019,1058021.05625,615683.75,,7299.471759259259,7299.489583333333,7299.453935185185
8,8,2020,1054659.375,476016.90625,,7319.467824074074,7319.4432870370365,7319.470138888889
8,8,2021,1091015.6875,435881.25,,7299.471759259259,7299.436805555555,7299.460416666667
8,8,2022,1227092.31875,447001.25,,7299.433564814814,7299.466666666666,7299.428240740741
8,8,2023,1223747.36875,450343.4,,7299.476388888888,7299.419212962963,7299.450694444445
8,8,2024,1246230.58125,431640.1875,,7319.461342592593,7319.454166666666,7319.4425925925925
8,8,2025,1072783.1375,601308.06875,,7299.444212962962,7299.446527777777,7299.441898148148
8,8,2026,951431.18125,869856.35,,7299.451157407408,7299.486805555555,7299.458101851852
8,8,2027,1091014.15625,435881.25,,7299.44699074074,7299.437962962963,7299.4638888888885
8,8,2028,1325252.18125,352619.375,,7319.490509259259,7319.462268518519,7319.458333333333
8,8,2029,1379700.0,0.0,,7299.436574074074,7299.453472222222,7299.466435185185
8,8,2030,1079438.475,594652.99375,,7299.444675925925,7299.4537037037035,7299.433796296296
8,8,2031,948275.8875,873011.1625,,7299.428935185185,7299.470601851852,7299.4425925925925
8,8,2032,958527.40625,866541.875,,7319.445601851852,7319.449074074074,7319.487268518518
8,8,2033,1379700.0,0.0,,7299.454398148148,7299.4432870370365,7299.462731481482
8,8,2034,1125700.075,548391.875,,7299.441666666667,7299.4537037037035,7299.44537037037
8,8,2035,1028435.625,498458.99375,,7299.475925925926,7299.4326388888885,7299.47037037037
8,8,2036,1204689.60625,473181.8625,,7319.476157407407,7319.461342592593,7319.457175925926
8,8,2037,981669.16875,656078.78125,,7299.491666666667,7299.4326388888885,7299.451620370371
8,8,2038,1563238.70625,0.0,,7299.472453703704,7299.466435185185,7299.460648148148
8,8,2039,1057546.2375,763742.25625,,7299.446064814815,7299.44837962963,7299.466435185185
8,8,2040,1231618.69375,299057.28125,,7319.465509259259,7319.455787037037,7319.464814814814
8,8,2041,1284030.23125,390060.93125,,7299.415740740741,7299.458796296296,7299.449305555556
8,8,2042,1192759.025,481332.70625,,7299.450231481482,7299.426388888889,7299.445138888888
8,8,2043,1379700.0,0.0,,7299.466898148148,7299.471527777778,7299.479398148148
8,8,2044,962924.56875,862144.3625,,7319.430787037037,7319.455787037037,7319.451388888889
8,8,2045,1125582.43125,548510.21875,,7299.440972222222,7299.441898148148,7299.458564814815
8,8,2046,1086719.30625,440176.66875,,7299.4326388888885,7299.437962962963,7299.462731481482
9,9,2017,1362921.36875,0.0,0.0,7279.446064814814,7279.46412037037,7279.480324074074
9,9,2018,1245640.0875,428451.29375,0.0,7299.44050925926,7299.4428240740735,7299.462731481482
9,9,2019,1051036.875,475858.53125,0.0,7299.441666666667,7299.460416666667,7299.448148148148
9,9,2020,1094795.775,435881.25,0.0,7319.458796296296,7319.471990740741,7319.446759259259
9,9,2021,1227091.61875,447001.25,0.0,7299.436342592592,7299.443287037037,7299.459953703704
9,9,2022,1020875.625,506019.95625,0.0,7299.439351851852,7299.449074074074,7299.427777777778
9,9,2023,1087983.025,438913.125,683542.4575,7299.435879629629,7299.434027777777,7299.459027777778
9,9,2024,1136055.13125,541816.25,0.0,7319.451851851852,7319.480324074074,7319.485648148148
9,9,2025,1201265.95,472827.575,0.0,7299.452314814815,7299.446759259259,7299.416435185185
9,9,2026,1379700.0,0.0,0.0,7299.480324074074,7299.444675925925,7299.428240740741
9,9,2027,1279657.06875,394435.625,0.0,7299.449537037037,7299.481712962963,7299.488425925926
9,9,2028,1321595.6875,356276.875,0.0,7319.455555555555,7319.41412037037,7319.4537037037035
9,9,2029,951391.5875,869896.425,770923.79,7299.441898148148,7299.452083333334,7299.448148148148
9,9,2030,1438615.9125,88278.75,0.0,7299.480555555556,7299.455324074074,7299.425694444444
9,9,2031,991437.20625,977044.375,0.0,7299.445138888888,7299.436574074074,7299.4643518518515
9,9,2032,1383480.0,0.0,0.0,7319.437268518518,7319.4745370370365,7319.475231481481
9,9,2033,1367383.69375,306708.125,0.0,7299.4525462962965,7299.47662037037,7299.459027777778
9,9,2034,1378373.825,295718.475,0.0,7299.482407407408,7299.465972222222,7299.439814814815
9,9,2035,964333.125,562561.8,0.0,7299.440277777778,7299.445601851851,7299.469675925926
9,9,2036,1049429.3875,628441.425,0.0,7319.407175925926,7319.459490740741,7319.441203703704
9,9,2037,1227841.49375,299053.125,0.0,7299.479166666667,7299.469675925926,7299.450231481482
9,9,2038,1201264.94375,472826.0875,0.0,7299.459259259259,7299.475231481481,7299.43449074074
9,9,2039,1339903.575,334187.7625,0.0,7299.433796296296,7299.477546296296,7299.42662037037
9,9,2040,1302650.975,375220.625,0.0,7319.440509259259,7319.452314814815,7319.45787037037
9,9,2041,964333.125,562563.33125,0.0,7299.474999999999,7299.420833333334,7299.464583333333
9,9,2042,1496023.56875,30873.54375,0.0,7299.446064814815,7299.461342592593,7299.438425925926
9,9,2043,916897.95,868045.31875,0.0,7299.468518518518,7299.461574074074,7299.431712962963
9,9,2044,1238356.4125,475858.75,0.0,7319.471527777778,7319.456018518518,7319.43912037037
9,9,2045,1264382.325,262513.125,0.0,7299.451851851852,7299.471296296296,7299.472453703704
9,9,2046,1397545.11875,276546.875,0.0,7299.459953703704,7299.446296296296,7299.449305555556
10,10,2017,1368239.88125,0.0,,7279.456944444444,7279.446759259259,7279.447453703704
10,10,2018,1245719.8,428372.9375,,7299.46875,7299.427546296296,7299.477314814815
10,10,2019,1051036.875,475858.1375,,7299.444675925926,7299.439814814815,7299.42662037037
10,10,2020,1276315.96875,242983.125,,7319.4631944444445,7319.466898148148,7319.424537037037
10,10,2021,1087078.0125,587015.6,,7299.481018518519,7299.4631944444445,7299.444675925925
10,10,2022,1197126.675,476965.625,,7299.450231481482,7299.412731481481,7299.4638888888885
10,10,2023,1050879.375,476015.6375,,7299.457407407407,7299.457175925926,7299.44537037037
10,10,2024,1148501.7875,529369.725,,7319.453472222222,7319.461342592593,7319.46875
10,10,2025,1151688.5375,375208.4,,7299.474768518518,7299.456944444444,7299.486805555555
10,10,2026,1400616.325,273475.625,,7299.455092592592,7299.48912037037,7299.445833333333
10,10,2027,1351515.74375,322576.25,,7299.459722222222,7299.481944444445,7299.474999999999
10,10,2028,1113379.9875,564493.1,,7319.475462962962,7319.434259259259,7319.467824074074
10,10,2029,1302851.175,371238.45625,,7299.420138888889,7299.474768518518,7299.448148148148
10,10,2030,1379700.0,0.0,,7299.437037037037,7299.465972222222,7299.437962962963
10,10,2031,1005295.04375,815992.4875,,7299.4525462962965,7299.446064814815,7299.430555555556
10,10,2032,1265131.0625,265545.0,,7319.469212962963,7319.460416666667,7319.47337962963
10,10,2033,1209333.49375,464759.375,,7299.471296296296,7299.431712962963,7299.433333333333
10,10,2034,1285475.625,241420.4375,,7299.459722222222,7299.428240740741,7299.4375
10,10,2035,826335.5375,847756.28125,,7299.484722222222,7299.4375,7299.4537037037035
10,10,2036,1099122.60625,431553.71875,,7319.449537037037,7319.462962962963,7319.483333333334
10,10,2037,1032373.125,494522.7625,,7299.46412037037,7299.47962962963,7299.430092592593
10,10,2038,1088017.01875,438877.8625,,7299.434259259259,7299.44537037037,7299.479861111111
10,10,2039,1032373.125,494522.325,,7299.468055555555,7299.479398148148,7299.458564814815
10,10,2040,1376723.06875,448344.55,,7319.415046296296,7319.440046296296,7319.452083333334
10,10,2041,1193389.24375,480701.7,,7299.425694444444,7299.46412037037,7299.436342592592
10,10,2042,1315368.61875,358722.5,,7299.465277777777,7299.446064814815,7299.445833333333
10,10,2043,1351633.475,322458.125,,7299.476851851852,7299.451157407408,7299.458101851852
10,10,2044,1319148.6625,358722.5,,7319.446759259259,7319.470601851852,7319.45787037037
10,10,2045,1303167.4,370924.33125,,7299.438194444444,7299.455092592592,7299.422916666666
10,10,2046,1187353.125,339542.0625,,7299.443981481481,7299.450462962963,7299.435648148148
11,11,2017,1198779.9,445461.95,,7279.445833333333,7279.474768518518,7279.4636574074075
11,11,2018,739549.7125,934541.75625,,7299.453935185185,7299.470601851852,7299.440509259259
11,11,2019,1088016.625,438878.16875,,7299.431481481482,7299.4638888888885,7299.4631944444445
11,11,2020,1302649.4875,375220.625,,7319.487268518518,7319.446527777778,7319.458564814815
11,11,2021,960435.0,566461.28125,,7299.450925925926,7299.459259259259,7299.467824074074
11,11,2022,1154920.0875,371975.625,,7299.469444444444,7299.477083333333,7299.4331018518515
11,11,2023,1201185.625,472905.58125,,7299.450925925926,7299.447453703704,7299.460416666667
11,11,2024,1049469.6375,628401.875,,7319.460648148148,7319.431712962963,7319.451851851852
11,11,2025,1051036.875,475859.45,,7299.468287037037,7299.46574074074,7299.469444444444
11,11,2026,1176859.8125,644427.5,,7299.415046296296,7299.470138888889,7299.459259259259
11,11,2027,960592.5,566303.5625,,7299.444675925925,7299.450231481482,7299.440046296296
11,11,2028,1087313.08125,590557.95,,7319.489814814815,7319.43449074074,7319.441203703704
11,11,2029,1068093.61875,440177.675,,7299.475694444444,7299.446759259259,7299.4326388888885
11,11,2030,1216537.80625,476178.125,,7299.447453703704,7299.447916666667,7299.465277777777
11,11,2031,1182442.95,491647.95,,7299.444212962962,7299.440509259259,7299.471296296296
11,11,2032,1284069.78125,393801.29375,,7319.466435185185,7319.429398148148,7319.479629629629
11,11,2033,1072784.8875,601308.33125,,7299.443981481481,7299.448611111111,7299.4525462962965
11,11,2034,1382114.1,291977.675,,7299.475231481481,7299.454861111111,7299.441666666667
11,11,2035,1375774.24375,298083.38125,,7299.413194444444,7299.439814814815,7299.422685185185
11,11,2036,586109.58125,1238957.8625,,7319.441898148148,7319.450925925926,7319.458796296296
11,11,2037,1144800.58125,382095.0,,7299.461111111111,7299.455092592592,7299.439814814815
11,11,2038,1302414.4625,371676.875,,7299.405092592592,7299.456018518518,7299.448842592593
11,11,2039,1137552.2125,536540.0,,7299.416203703704,7299.445601851851,7299.468981481481
11,11,2040,990714.375,539961.64375,,7319.42962962963,7319.44699074074,7319.445601851852
11,11,2041,1389635.20625,137261.25,,7299.437962962963,7299.479629629629,7299.456944444444
11,11,2042,1152479.14375,668809.35,,7299.423842592592,7299.436574074074,7299.438657407407
11,11,2043,1004546.83125,522348.75,,7299.422916666666,7299.4844907407405,7299.459027777778
11,11,2044,1212324.4625,465546.875,,7319.437962962963,7319.476851851852,7319.44212962963
11,11,2045,1285475.625,241419.65,,7299.448148148148,7299.450925925926,7299.450925925926
11,11,2046,988019.36875,833270.0,,7299.4532407407405,7299.452777777778,7299.445138888888
12,12,2017,1282223.6375,526735.625,0.0,7279.481944444445,7279.473148148148,7279.430555555556
12,12,2018,1081591.875,445304.14375,0.0,7299.4638888888885,7299.444675925926,7299.465509259259
12,12,2019,739390.725,934699.25625,0.0,7299.4743055555555,7299.465509259259,7299.463425925926
12,12,2020,1072700.49375,605171.2375,0.0,7319.491898148148,7319.45625,7319.446064814814
12,12,2021,1001200.74375,525695.625,0.0,7299.4537037037035,7299.47337962963,7299.438425925926
12,12,2022,847113.75,679781.9625,0.0,7299.440046296296,7299.440509259259,7299.412731481481
12,12,2023,1469049.725,57846.1625,0.0,7299.445138888888,7299.4428240740735,7299.438657407407
12,12,2024,1224377.15,453494.3625,0.0,7319.468287037037,7319.462962962963,7319.450462962963
12,12,2025,1299697.19375,374393.75,0.0,7299.456018518518,7299.47037037037,7299.447453703703
12,12,2026,865974.375,660921.81875,0.0,7299.454629629629,7299.475231481481,7299.430787037037
12,12,2027,1083493.35625,590598.55,0.0,7299.440277777778,7299.457407407407,7299.406018518518
12,12,2028,1254229.19375,570838.95,0.0,7319.459259259259,7319.450925925926,7319.4631944444445
12,12,2029,1306431.10625,367660.625,0.0,7299.4532407407405,7299.487731481481,7299.462037037037
12,12,2030,1050887.3125,623204.375,0.0,7299.422685185185,7299.441898148148,7299.477777777778
12,12,2031,1379700.0,0.0,0.0,7299.440740740741,7299.491203703704,7299.448842592593
12,12,2032,1193743.225,484127.10625,0.0,7319.481712962963,7319.450462962963,7319.476851851851
12,12,2033,1399373.05625,569109.96875,0.0,7299.4537037037035,7299.477777777777,7299.4324074074075
12,12,2034,1285475.625,241068.6875,0.0,7299.46087962963,7299.440509259259,7299.427314814815
12,12,2035,686554.1125,987537.75,0.0,7299.446064814814,7299.41875,7299.439351851852
12,12,2036,1068137.4125,609733.925,0.0,7319.449537037037,7319.461342592593,7319.462037037037
12,12,2037,1086876.54375,440019.825,0.0,7299.471296296296,7299.441898148148,7299.474999999999
12,12,2038,1205471.76875,468618.125,0.0,7299.441666666667,7299.441898148148,7299.448842592593
12,12,2039,1223073.75,451017.5,0.0,7299.459259259259,7299.460648148148,7299.431712962963
12,12,2040,1288002.90625,389868.125,0.0,7319.453472222222,7319.418287037037,7319.450694444445
12,12,2041,1051036.875,475859.23125,0.0,7299.4636574074075,7299.427777777778,7299.453935185185
12,12,2042,1309703.16875,217192.5,738713.5175,7299.4643518518515,7299.452083333334,7299.45
12,12,2043,978795.31875,695295.7125,0.0,7299.456481481481,7299.428240740741,7299.44212962963
12,12,2044,968113.125,562563.4625,0.0,7319.468518518518,7319.454166666666,7319.454398148148
12,12,2045,1423926.98125,102969.0375,0.0,7299.480324074074,7299.439814814815,7299.469212962963
12,12,2046,1360181.9625,313909.9,787139.7275,7299.491203703704,7299.4740740740735,7299.455092592592
13,13,2017,1142345.94375,0.0,0.0,7279.438888888889,7279.441435185185,7279.438425925926
13,13,2018,959542.7375,714550.91875,0.0,7299.467361111111,7299.431481481482,7299.490509259259
13,13,2019,1020875.625,506020.74375,0.0,7299.453472222222,7299.453935185185,7299.468055555555
13,13,2020,762864.21875,915008.95625,0.0,7319.459259259259,7319.451620370371,7319.448148148148
13,13,2021,1099597.81875,574494.4375,0.0,7299.461111111111,7299.428703703704,7299.46087962963
13,13,2022,1004547.61875,522348.75,0.0,7299.468055555555,7299.4537037037035,7299.451620370371
13,13,2023,1326040.425,348051.875,0.0,7299.429861111111,7299.468055555555,7299.458333333333
13,13,2024,1383480.0,0.0,0.0,7319.436574074074,7319.462268518519,7319.435185185185
13,13,2025,1366336.38125,602146.8625,0.0,7299.462962962963,7299.422916666666,7299.440740740741
13,13,2026,1327252.5,199642.38125,0.0,7299.44537037037,7299.422685185185,7299.460416666667
13,13,2027,1098181.19375,428715.0,0.0,7299.458101851852,7299.461111111111,7299.444675925926
13,13,2028,1079905.76875,597965.0,0.0,7319.444212962963,7319.471527777778,7319.440509259259
13,13,2029,1295838.09375,378252.5,0.0,7299.459490740741,7299.429861111111,7299.43449074074
13,13,2030,1379700.0,0.0,0.0,7299.473148148148,7299.469675925926,7299.466898148148
13,13,2031,1098259.9875,575831.13125,0.0,7299.478703703704,7299.450925925926,7299.479166666667
13,13,2032,1318126.1375,359746.25,0.0,7319.477314814814,7319.44212962963,7319.45
13,13,2033,1394474.56875,279618.125,0.0,7299.4638888888885,7299.46875,7299.466203703703
13,13,2034,1132276.75,541816.25,0.0,7299.459027777778,7299.43449074074,7299.466666666666
13,13,2035,1329391.01875,344701.19375,0.0,7299.452083333334,7299.448611111111,7299.414583333333
13,13,2036,705651.6,1119416.54375,0.0,7319.46574074074,7319.426851851852,7319.440046296296
13,13,2037,1144800.66875,382095.0,0.0,7299.441203703704,7299.437037037037,7299.450694444445
13,13,2038,1302415.81875,371676.875,0.0,7299.462037037037,7299.514814814815,7299.449305555556
13,13,2039,1346152.5,0.0,0.0,7299.499537037037,7299.459722222222,7299.460416666667
13,13,2040,1004073.85,707345.775,0.0,7319.464814814814,7319.467592592592,7319.435185185185
13,13,2041,1220633.06875,453458.75,0.0,7299.42962962963,7299.4428240740735,7299.451157407408
13,13,2042,964333.125,562562.4125,0.0,7299.440509259259,7299.4324074074075,7299.453935185185
13,13,2043,1507046.1625,19849.4625,0.0,7299.447222222222,7299.469444444444,7299.423611111111
13,13,2044,1166577.84375,510549.2625,0.0,7319.435416666666,7319.431712962963,7319.435648148148
13,13,2045,1098258.9375,575832.05,710417.365,7299.464583333333,7299.459027777778,7299.438425925926
13,13,2046,1420540.81875,253551.875,63504.0,7299.480787037037,7299.4740740740735,7299.448611111111
14,14,2017,1473865.41875,0.0,0.0,7279.447685185185,7279.438425925926,7279.444675925925
14,14,2018,1245561.425,428531.00625,0.0,7299.456712962963,7299.46412037037,7299.44837962963
14,14,2019,1051036.875,475860.01875,0.0,7299.453935185185,7299.450462962963,7299.444212962962
14,14,2020,1094795.075,435881.25,0.0,7319.450694444445,7319.422685185185,7319.453935185185
14,14,2021,1132275.7875,541816.25,0.0,7299.491666666667,7299.446296296296,7299.446064814815
14,14,2022,1201265.11875,472827.3125,0.0,7299.442361111111,7299.43287037037,7299.45787037037
14,14,2023,1043173.88125,630917.5875,0.0,7299.456481481481,7299.480555555556,7299.428472222222
14,14,2024,1054659.375,476017.08125,0.0,7319.4537037037035,7319.473611111111,7319.450925925926
14,14,2025,1332946.1625,488340.45,0.0,7299.464583333333,7299.448842592593,7299.446759259259
14,14,2026,1347937.125,326154.65,0.0,7299.455324074074,7299.478935185185,7299.4638888888885
14,14,2027,1398569.91875,275523.125,0.0,7299.470601851852,7299.448148148148,7299.486342592592
14,14,2028,1310215.525,367655.4625,0.0,7319.458564814815,7319.453472222222,7319.452777777778
14,14,2029,1442472.3875,231620.0,0.0,7299.446527777777,7299.456018518518,7299.43287037037
14,14,2030,1394436.15625,279657.5,0.0,7299.425462962963,7299.461805555556,7299.4631944444445
14,14,2031,1443336.66875,230753.75,0.0,7299.49375,7299.4638888888885,7299.4530092592595
14,14,2032,1304230.74375,373641.075,745291.89,7319.4738425925925,7319.47037037037,7319.470833333333
14,14,2033,1379700.0,0.0,63504.0,7299.439583333333,7299.457407407407,7299.434259259259
14,14,2034,1016395.64375,657696.875,0.0,7299.45,7299.443749999999,7299.446296296296
14,14,2035,1020875.625,506021.09375,0.0,7299.457175925926,7299.478009259259,7299.443981481481
14,14,2036,1265130.7125,265545.0,0.0,7319.457638888889,7319.455092592592,7319.451388888889
14,14,2037,865596.875,955690.0,0.0,7299.466898148148,7299.447916666667,7299.433564814814
14,14,2038,747257.63125,926834.1875,630001.015,7299.454166666666,7299.454861111111,7299.454861111111
14,14,2039,1231265.36875,295631.4375,0.0,7299.457407407407,7299.446296296296,7299.469212962963
14,14,2040,1197086.25,480785.0,0.0,7319.486111111111,7319.462962962963,7319.422916666666
14,14,2041,1298874.9125,375215.24375,0.0,7299.427546296296,7299.443981481481,7299.435416666666
14,14,2042,952021.5,722070.975,0.0,7299.4428240740735,7299.471527777778,7299.4530092592595
14,14,2043,1277099.53125,396990.84375,0.0,7299.443749999999,7299.4631944444445,7299.455092592592
14,14,2044,1054659.375,476015.8125,0.0,7319.4530092592595,7319.472685185185,7319.412731481481
14,14,2045,1077442.1375,743845.35,0.0,7299.457638888889,7299.450462962963,7299.464583333333
14,14,2046,1394241.6875,279850.7875,0.0,7299.459259259259,7299.466435185185,7299.451851851852
15,15,2017,1152979.38125,290560.6125,0.0,7279.43912037037,7279.451851851852,7279.436574074074
15,15,2018,985056.55625,541839.375,0.0,7299.468287037037,7299.438194444444,7299.456018518518
15,15,2019,1378373.95625,295718.3,0.0,7299.430787037037,7299.434953703703,7299.438425925926
15,15,2020,952993.125,577682.9375,639598.7675,7319.440277777778,7319.471296296296,7319.4532407407405
15,15,2021,1423690.64375,103205.8125,0.0,7299.458564814815,7299.456018518518,7299.446527777778
15,15,2022,1306277.9375,367813.44375,0.0,7299.4530092592595,7299.443518518518,7299.475694444444
15,15,2023,1249617.00625,424475.075,0.0,7299.449074074074,7299.468287037037,7299.459722222222
15,15,2024,1289373.75,241302.44375,0.0,7319.4530092592595,7319.477083333333,7319.467361111111
15,15,2025,642336.73125,1031755.0,0.0,7299.438657407407,7299.416898148148,7299.4738425925925
15,15,2026,1144801.54375,382095.0,0.0,7299.490277777778,7299.4532407407405,7299.4631944444445
15,15,2027,1204094.34375,469996.25,0.0,7299.4631944444445,7299.452083333334,7299.443749999999
15,15,2028,1189801.35,488069.375,0.0,7319.4219907407405,7319.441898148148,7319.450462962963
15,15,2029,1020875.625,506020.48125,0.0,7299.447222222222,7299.469907407407,7299.4745370370365
15,15,2030,1359984.9125,166910.625,0.0,7299.434027777777,7299.459259259259,7299.462731481482
15,15,2031,1317813.71875,356276.7,0.0,7299.440509259259,7299.439583333333,7299.469212962963
15,15,2032,1348602.95625,329270.0,0.0,7319.482638888889,7319.483101851852,7319.458564814815
15,15,2033,1012342.90625,808944.625,0.0,7299.469907407407,7299.490046296296,7299.445138888888
15,15,2034,1116658.98125,704628.025,0.0,7299.488888888889,7299.468518518518,7299.461805555556
15,15,2035,1192759.50625,481331.9625,0.0,7299.4219907407405,7299.468518518518,7299.4430555555555
15,15,2036,1287772.43125,390100.04375,0.0,7319.452083333334,7319.455092592592,7319.455092592592
15,15,2037,1153333.125,373563.59375,0.0,7299.432175925926,7299.470601851852,7299.440509259259
15,15,2038,1004546.48125,522348.75,0.0,7299.47037037037,7299.436574074074,7299.446296296296
15,15,2039,815034.86875,1006252.575,0.0,7299.4530092592595,7299.468287037037,7299.47037037037
15,15,2040,1129243.3875,548627.6,0.0,7319.482638888889,7319.452777777778,7319.44212962963
15,15,2041,899332.80625,774759.625,0.0,7299.451388888889,7299.442361111111,7299.478009259259
15,15,2042,1091014.85625,435881.25,0.0,7299.442361111111,7299.437268518518,7299.466898148148
15,15,2043,1227090.65625,447001.25,0.0,7299.446064814815,7299.4738425925925,7299.46574074074
15,15,2044,967297.25,710572.6875,0.0,7319.462962962963,7319.466666666666,7319.454629629629
15,15,2045,1279975.48125,394116.81875,0.0,7299.448611111111,7299.426388888889,7299.433333333333
15,15,2046,1280212.34375,393880.0,0.0,7299.430092592593,7299.467824074074,7299.448842592593
16,16,2017,1478373.375,0.0,,7279.48125,7279.45,7279.477083333333
16,16,2018,1163544.0875,510547.64375,,7299.468055555555,7299.426157407407,7299.448842592593
16,16,2019,1219534.15625,454557.88125,,7299.482175925926,7299.462962962963,7299.449305555556
16,16,2020,1167322.8625,510547.55625,,7319.456018518518,7319.467824074074,7319.476851851851
16,16,2021,1204094.5625,469996.25,,7299.466203703703,7299.436342592592,7299.487037037037
16,16,2022,1379700.0,0.0,,7299.421064814815,7299.477777777778,7299.451388888889
16,16,2023,1098417.05,575675.03125,,7299.437962962963,7299.446296296296,7299.46574074074
16,16,2024,1291389.9,386481.875,,7319.455092592592,7319.47662037037,7319.469444444444
16,16,2025,1379700.0,0.0,,7299.458101851852,7299.46412037037,7299.449768518519
16,16,2026,1072783.35625,601307.7625,,7299.4638888888885,7299.456018518518,7299.461342592593
16,16,2027,952021.85,722070.75625,,7299.446527777777,7299.473611111111,7299.447916666667
16,16,2028,952414.6375,872653.2875,,7319.445833333333,7319.410185185185,7319.4638888888885
16,16,2029,1295488.4,231406.875,,7299.459259259259,7299.433333333333,7299.468287037037
16,16,2030,1379353.2125,294738.125,,7299.44212962963,7299.472222222222,7299.467824074074
16,16,2031,1204691.26875,469401.425,,7299.425925925926,7299.447222222222,7299.436574074074
16,16,2032,987091.875,543584.5375,,7319.480555555556,7319.490972222222,7319.485879629629
16,16,2033,1321906.4875,204989.8375,,7299.420138888889,7299.462268518519,7299.4530092592595
16,16,2034,1318876.84375,355213.44375,,7299.456018518518,7299.430787037037,7299.439814814815
16,16,2035,1325098.4875,348992.63125,,7299.454398148148,7299.472685185185,7299.462962962963
16,16,2036,1242923.34375,434949.13125,,7319.421064814815,7319.434027777777,7319.4525462962965
16,16,2037,1310726.7875,363013.5,,7299.4638888888885,7299.441666666667,7299.415046296296
16,16,2038,1327252.5,198544.0375,,7299.459490740741,7299.462731481482,7299.43912037037
16,16,2039,570160.43125,1103931.3875,,7299.43449074074,7299.437962962963,7299.457175925926
16,16,2040,1231462.375,299213.95,,7319.445833333333,7319.433796296296,7319.448611111111
16,16,2041,1069554.95625,604536.1625,,7299.4432870370365,7299.422685185185,7299.470138888889
16,16,2042,1145228.98125,528861.875,,7299.487037037037,7299.479398148148,7299.475925925925
16,16,2043,1283716.5875,390376.45625,,7299.43449074074,7299.450462962963,7299.459027777778
16,16,2044,1197091.675,480780.84375,,7319.446296296296,7319.466666666666,7319.462037037037
16,16,2045,1227090.56875,447001.25,,7299.444212962962,7299.429166666667,7299.4636574074075
16,16,2046,1020875.625,506020.56875,,7299.4625,7299.423148148148,7299.465972222222
17,17,2017,1525600.275,0.0,0.0,7279.455787037037,7279.433564814814,7279.423148148148
17,17,2018,1246581.36875,427510.625,0.0,7299.458333333333,7299.45,7299.451388888889
17,17,2019,1182641.26875,491451.38125,0.0,7299.449768518519,7299.447916666667,7299.453472222222
17,17,2020,1325330.275,352540.625,766822.6125,7319.455555555555,7319.48912037037,7319.469675925926
17,17,2021,1272179.625,401913.06875,0.0,7299.441898148148,7299.473611111111,7299.440740740741
17,17,2022,1239571.83125,434519.375,0.0,7299.4530092592595,7299.461574074074,7299.427777777778
17,17,2023,1193311.01875,480780.49375,0.0,7299.460416666667,7299.4537037037035,7299.428240740741
17,17,2024,1289255.625,241420.30625,0.0,7319.456018518518,7319.469444444444,7319.46574074074
17,17,2025,977732.19375,549163.125,0.0,7299.437037037037,7299.476157407407,7299.465972222222
17,17,2026,1367978.5625,306113.95625,0.0,7299.456481481481,7299.4432870370365,7299.408564814815
17,17,2027,1280131.8,392585.0,0.0,7299.46412037037,7299.451851851852,7299.472222222222
17,17,2028,1054659.375,476016.1625,0.0,7319.4738425925925,7319.468055555555,7319.489814814815
17,17,2029,1264382.71875,262513.125,0.0,7299.448611111111,7299.443749999999,7299.440740740741
17,17,2030,1016395.95,657696.875,0.0,7299.44837962963,7299.4625,7299.431712962963
17,17,2031,1280290.56875,393801.46875,0.0,7299.446296296296,7299.468981481481,7299.455555555555
17,17,2032,684308.99375,1140757.61875,0.0,7319.450462962963,7319.472916666667,7319.464814814814
17,17,2033,1086876.19375,440019.7375,0.0,7299.448611111111,7299.472222222222,7299.455787037037
17,17,2034,1227881.875,446209.50625,0.0,7299.470833333333,7299.456712962963,7299.441435185185
17,17,2035,1182443.60625,491649.0875,0.0,7299.44837962963,7299.446296296296,7299.450231481482
17,17,2036,1371719.7125,306152.5,0.0,7319.438194444444,7319.449305555556,7319.431712962963
17,17,2037,1114675.11875,559416.875,0.0,7299.425231481481,7299.467129629629,7299.4425925925925
17,17,2038,1032373.125,494523.15625,0.0,7299.449074074074,7299.451620370371,7299.406712962963
17,17,2039,1231265.0625,295631.21875,0.0,7299.4375,7299.459490740741,7299.477777777777
17,17,2040,1133575.425,544296.875,0.0,7319.471527777778,7319.457175925926,7319.438888888889
17,17,2041,1020875.625,506021.1375,0.0,7299.480555555556,7299.440740740741,7299.423842592592
17,17,2042,1231229.45,295666.875,0.0,7299.454398148148,7299.471296296296,7299.468981481481
17,17,2043,898786.45625,922502.2125,0.0,7299.483564814815,7299.4631944444445,7299.454861111111
17,17,2044,1314306.85,216369.08125,0.0,7319.480324074074,7319.465972222222,7319.428703703704
17,17,2045,1087077.8375,587014.55,0.0,7299.467361111111,7299.45625,7299.4537037037035
17,17,2046,1291428.8375,382662.5,0.0,7299.426388888889,7299.423148148148,7299.455555555555
18,18,2017,1508123.76875,0.0,0.0,7279.454861111111,7279.428009259259,7279.46875
18,18,2018,1236107.61875,437984.375,0.0,7299.430555555556,7299.457638888889,7299.433796296296
18,18,2019,1126334.275,547756.8,0.0,7299.425,7299.489583333333,7299.4837962962965
18,18,2020,1325566.6125,352304.375,0.0,7319.454629629629,7319.467361111111,7319.463425925926
18,18,2021,1379700.0,0.0,0.0,7299.479861111111,7299.434722222222,7299.451620370371
18,18,2022,1133775.31875,540316.01875,0.0,7299.471296296296,7299.482638888889,7299.457638888889
18,18,2023,1415740.39375,258351.73125,0.0,7299.454861111111,7299.46574074074,7299.423148148148
18,18,2024,1363962.61875,313909.025,0.0,7319.464814814814,7319.4428240740735,7319.465972222222
18,18,2025,1020875.625,506020.7,0.0,7299.46875,7299.466898148148,7299.480324074074
18,18,2026,1087982.19375,438913.125,0.0,7299.466898148148,7299.449305555556,7299.449768518519
18,18,2027,1344782.44375,329309.375,0.0,7299.480092592593,7299.436111111111,7299.4375
18,18,2028,1035373.2125,642498.125,0.0,7319.437962962963,7319.436574074074,7319.456944444444
18,18,2029,1050879.375,476015.41875,0.0,7299.462268518519,7299.444444444444,7299.454398148148
18,18,2030,1178466.64375,348429.375,0.0,7299.452314814815,7299.4217592592595,7299.42962962963
18,18,2031,1091566.36875,582526.63125,0.0,7299.428703703704,7299.434722222222,7299.448842592593
18,18,2032,1220519.3625,457353.33125,0.0,7319.471296296296,7319.483564814815,7319.438888888889
18,18,2033,1193389.55,480701.0,0.0,7299.466898148148,7299.442361111111,7299.460185185185
18,18,2034,1390693.86875,283398.125,0.0,7299.458101851852,7299.451851851852,7299.472916666667
18,18,2035,1287457.25625,355966.25,618333.135,7299.456481481481,7299.447222222222,7299.420370370371
18,18,2036,827859.375,665768.75,0.0,7319.448842592592,7319.438425925926,7319.444444444444
18,18,2037,1563943.5625,0.0,0.0,7299.462731481482,7299.436342592592,7299.466898148148
18,18,2038,1379003.3875,295088.16875,0.0,7299.451620370371,7299.449074074074,7299.459259259259
18,18,2039,1360181.13125,313909.50625,0.0,7299.454629629629,7299.4844907407405,7299.4525462962965
18,18,2040,1186419.825,491451.55625,0.0,7319.477546296296,7319.436342592592,7319.451157407408
18,18,2041,1153333.125,373562.5875,0.0,7299.467129629629,7299.436111111111,7299.456944444444
18,18,2042,675726.46875,998365.875,0.0,7299.444907407407,7299.460648148148,7299.438888888889
18,18,2043,743687.85,930403.96875,0.0,7299.4324074074075,7299.431481481482,7299.450694444445
18,18,2044,1298713.78125,231962.28125,0.0,7319.453472222222,7319.443981481481,7319.464814814814
18,18,2045,1302414.725,371676.875,0.0,7299.457407407407,7299.440972222222,7299.4842592592595
18,18,2046,1401836.90625,272255.0,0.0,7299.461805555556,7299.455555555555,7299.450462962963
19,19,2017,1305096.425,0.0,,7279.443981481481,7279.466666666666,7279.446064814814
19,19,2018,1215518.65,458573.3875,,7299.481018518519,7299.456712962963,7299.457407407407
19,19,2019,1192759.06875,481331.91875,,7299.445138888888,7299.438657407407,7299.439814814815
19,19,2020,1212757.7625,465113.75,,7319.467824074074,7319.47037037037,7319.43449074074
19,19,2021,1020875.625,506020.91875,,7299.434722222222,7299.473148148148,7299.459490740741
19,19,2022,1231229.58125,295666.875,,7299.450925925926,7299.476157407407,7299.458101851852
19,19,2023,862273.125,664622.80625,,7299.459259259259,7299.448842592593,7299.4319444444445
19,19,2024,1392859.84375,137816.56875,,7319.4530092592595,7319.438425925926,7319.436574074074
19,19,2025,1307223.06875,366868.61875,,7299.442361111111,7299.430092592593,7299.447222222222
19,19,2026,1454563.88125,219528.55,,7299.443981481481,7299.434027777777,7299.478703703704
19,19,2027,1163543.16875,510549.13125,,7299.467824074074,7299.431712962963,7299.480555555556
19,19,2028,1408648.9125,269223.125,,7319.477546296296,7319.454861111111,7319.4638888888885
19,19,2029,1351634.48125,322458.125,,7299.477777777777,7299.456712962963,7299.454629629629
19,19,2030,1192760.6,481331.56875,,7299.452777777778,7299.451851851852,7299.470833333333
19,19,2031,1401836.38125,272255.0,,7299.440509259259,7299.445138888888,7299.458101851852
19,19,2032,1216344.08125,461526.73125,,7319.494675925926,7319.454629629629,7319.426388888889
19,19,2033,1098496.9375,575595.66875,,7299.4530092592595,7299.471527777778,7299.448148148148
19,19,2034,1409120.7125,264970.625,,7299.446296296296,7299.450925925926,7299.438657407407
19,19,2035,1020875.625,506020.48125,,7299.459259259259,7299.436111111111,7299.471296296296
19,19,2036,1265130.75625,265545.0,,7319.478009259259,7319.45,7319.44837962963
19,19,2037,1106642.35625,567449.375,,7299.435416666666,7299.466666666666,7299.451388888889
19,19,2038,1269029.1,405063.76875,,7299.42662037037,7299.423611111111,7299.451157407408
19,19,2039,1280172.4875,393920.6,,7299.447453703704,7299.479861111111,7299.456712962963
19,19,2040,1103181.075,570480.2875,,7319.441898148148,7319.461111111111,7319.458333333333
19,19,2041,1039972.5,486922.29375,,7299.452083333334,7299.444675925926,7299.446527777778
19,19,2042,1227843.06875,299053.125,,7299.408333333333,7299.424768518518,7299.475694444444
19,19,2043,1079556.95,594535.9625,,7299.47037037037,7299.478009259259,7299.455555555555
19,19,2044,1258909.725,418961.48125,,7319.447453703703,7319.450462962963,7319.4525462962965
19,19,2045,1291428.96875,382662.5,,7299.48912037037,7299.447222222222,7299.450694444445
19,19,2046,1153333.125,373563.76875,,7299.464583333333,7299.475925925926,7299.47037037037
20,20,2017,1507192.50625,0.0,,7279.447685185185,7279.438657407407,7279.447916666667
20,20,2018,1163543.3875,510547.38125,,7299.4525462962965,7299.443749999999,7299.418518518519
20,20,2019,1149592.5,377303.95625,,7299.453472222222,7299.452083333334,7299.422222222222
20,20,2020,1212250.0875,318425.625,,7319.471990740741,7319.466898148148,7319.462962962963
20,20,2021,1381995.75625,292094.925,,7299.466898148148,7299.466203703703,7299.471759259259
20,20,2022,1081591.875,445304.58125,,7299.456481481481,7299.4745370370365,7299.45
20,20,2023,1227839.83125,299056.66875,,7299.448611111111,7299.448611111111,7299.449305555556
20,20,2024,1204887.35625,472984.33125,,7319.449768518519,7319.420833333334,7319.457175925926
20,20,2025,1178347.73125,495743.475,,7299.459027777778,7299.4625,7299.451388888889
20,20,2026,1020875.625,506020.4375,,7299.449768518519,7299.443981481481,7299.429166666667
20,20,2027,1231228.79375,295666.875,,7299.456481481481,7299.4525462962965,7299.4844907407405
20,20,2028,1385619.30625,292253.95625,,7319.428703703704,7319.488194444444,7319.496064814814
20,20,2029,1283715.49375,390375.66875,,7299.434953703703,7299.4319444444445,7299.403703703703
20,20,2030,1404596.7,269494.2,,7299.447685185185,7299.461342592593,7299.443981481481
20,20,2031,1400616.10625,273475.625,,7299.448611111111,7299.447453703704,7299.43287037037
20,20,2032,1178343.44375,499527.5,,7319.466203703703,7319.488888888889,7319.48125
20,20,2033,964372.5,562522.6,,7299.436342592592,7299.479398148148,7299.414351851851
20,20,2034,1151568.3125,522523.24375,,7299.439351851852,7299.455092592592,7299.447453703704
20,20,2035,1495946.875,30948.75,,7299.435879629629,7299.427083333333,7299.454398148148
20,20,2036,1068176.4375,756890.83125,,7319.47037037037,7319.466898148148,7319.474999999999
20,20,2037,1048571.20625,772715.23125,,7299.438888888889,7299.460648148148,7299.462268518519
20,20,2038,1310960.0625,363132.5,,7299.406018518518,7299.410416666667,7299.457175925926
20,20,2039,1043331.8625,630759.86875,,7299.437962962963,7299.446990740741,7299.444444444444
20,20,2040,1383480.0,0.0,,7319.454861111111,7319.455324074074,7319.444212962962
20,20,2041,1148499.1625,525593.75,,7299.47662037037,7299.449537037037,7299.455324074074
20,20,2042,1220596.75625,453493.575,,7299.465972222222,7299.458333333333,7299.434259259259
20,20,2043,1423812.75,250279.6375,,7299.4224537037035,7299.442361111111,7299.4743055555555
20,20,2044,1383480.0,0.0,,7319.437268518518,7319.459722222222,7319.4432870370365
20,20,2045,1076876.3,597216.875,,7299.446064814815,7299.428240740741,7299.431481481482
20,20,2046,1366836.46875,307254.9125,,7299.44212962963,7299.428703703704,7299.440046296296
21,21,2017,1154588.725,505862.71875,,7279.460416666667,7279.462962962963,7279.4425925925925
21,21,2018,853814.7375,820275.85625,,7299.448148148148,7299.481712962963,7299.4631944444445
21,21,2019,710139.125,963952.125,,7299.477314814815,7299.416898148148,7299.458796296296
21,21,2020,1299583.6625,231091.875,,7319.43287037037,7319.449305555556,7319.444907407407
21,21,2021,1151533.70625,522557.45625,,7299.462037037037,7299.457638888889,7299.4219907407405
21,21,2022,1058407.675,615683.75,,7299.4430555555555,7299.44699074074,7299.441666666667
21,21,2023,1379700.0,0.0,,7299.455555555555,7299.448611111111,7299.441435185185
21,21,2024,1152277.0625,525593.75,,7319.451157407408,7319.435416666666,7319.461111111111
21,21,2025,1182444.2625,491648.475,,7299.451388888889,7299.459027777778,7299.448148148148
21,21,2026,1256976.4125,417115.625,,7299.506944444444,7299.4638888888885,7299.454398148148
21,21,2027,1209333.0125,464759.375,,7299.476157407407,7299.435648148148,7299.470833333333
21,21,2028,1280998.88125,396872.89375,,7319.448611111111,7319.449768518519,7319.437268518518
21,21,2029,1339905.15,334188.8125,,7299.454629629629,7299.446064814815,7299.462962962963
21,21,2030,1058021.84375,615683.75,,7299.466435185185,7299.450694444445,7299.429861111111
21,21,2031,983154.375,543741.81875,,7299.460648148148,7299.436805555555,7299.466435185185
21,21,2032,1325843.725,204832.55625,,7319.451157407408,7319.482638888889,7319.48125
21,21,2033,1200240.31875,473851.36875,,7299.447916666667,7299.446759259259,7299.45
21,21,2034,1094915.25625,575832.26875,,7299.468981481481,7299.465509259259,7299.463425925926
21,21,2035,1193390.11875,480702.44375,,7299.439814814815,7299.452083333334,7299.457407407407
21,21,2036,1289255.625,241419.25625,,7319.457638888889,7319.468055555555,7319.441435185185
21,21,2037,1098101.7,428793.75,,7299.457175925926,7299.469907407407,7299.475462962962
21,21,2038,1058407.675,615683.75,,7299.419212962963,7299.462037037037,7299.45787037037
21,21,2039,1379700.0,0.0,,7299.447685185185,7299.474999999999,7299.436805555555
21,21,2040,985563.8375,839502.64375,,7319.456481481481,7319.468287037037,7319.444675925925
21,21,2041,1064667.425,462227.98125,,7299.452314814815,7299.440046296296,7299.429861111111
21,21,2042,1333249.59375,340842.8375,,7299.464814814814,7299.4636574074075,7299.41412037037
21,21,2043,1311396.775,362695.48125,,7299.45,7299.451851851852,7299.428935185185
21,21,2044,1230870.2625,447001.25,,7319.4319444444445,7319.447685185185,7319.434953703703
21,21,2045,1226780.5125,447311.30625,,7299.468981481481,7299.487268518518,7299.472685185185
21,21,2046,1270434.375,256461.25,,7299.465277777777,7299.458564814815,7299.444675925925
22,22,2017,1479502.25625,0.0,0.0,7279.466203703703,7279.435879629629,7279.444675925925
22,22,2018,1179176.225,642112.26875,0.0,7299.425,7299.443518518518,7299.441435185186
22,22,2019,1151687.05,375209.7125,0.0,7299.460185185185,7299.433796296296,7299.4631944444445
22,22,2020,1402033.78125,275838.125,0.0,7319.46087962963,7319.451620370371,7319.437731481481
22,22,2021,1204095.2625,469996.25,0.0,7299.439583333333,7299.460185185185,7299.4319444444445
22,22,2022,964372.5,562524.2625,0.0,7299.450925925926,7299.447685185185,7299.487962962963
22,22,2023,856966.6625,817126.03125,0.0,7299.455324074074,7299.46412037037,7299.437962962963
22,22,2024,1231619.21875,299056.58125,733535.81,7319.446527777778,7319.448148148148,7319.437037037037
22,22,2025,778535.64375,1042753.50625,0.0,7299.461342592593,7299.482175925926,7299.440972222222
22,22,2026,1088017.325,438877.8625,0.0,7299.455324074074,7299.470833333333,7299.461805555556
22,22,2027,1298870.49375,375220.625,0.0,7299.449537037037,7299.468287037037,7299.45
22,22,2028,1223314.50625,454557.26875,0.0,7319.436342592592,7319.44837962963,7319.444444444444
22,22,2029,964333.125,562563.06875,0.0,7299.487962962963,7299.44212962963,7299.448148148148
22,22,2030,1155114.46875,371782.55625,0.0,7299.47037037037,7299.441898148148,7299.446759259259
22,22,2031,1321394.7,352698.125,0.0,7299.438194444444,7299.459953703704,7299.4219907407405
22,22,2032,903232.24375,921836.075,0.0,7319.471296296296,7319.467824074074,7319.475231481481
22,22,2033,1094672.75,432223.925,0.0,7299.450694444445,7299.470833333333,7299.466898148148
22,22,2034,1095106.00625,578986.25,0.0,7299.451851851852,7299.434259259259,7299.472685185185
22,22,2035,1182443.3875,491649.04375,0.0,7299.478240740741,7299.446296296296,7299.450925925926
22,22,2036,1024655.625,506020.175,0.0,7319.449305555556,7319.4849537037035,7319.466435185185
22,22,2037,1464814.7875,356473.61875,0.0,7299.457175925926,7299.472916666667,7299.447916666667
22,22,2038,1288165.4375,385926.55625,0.0,7299.482870370371,7299.438194444444,7299.458333333333
22,22,2039,1379700.0,0.0,0.0,7299.466203703703,7299.432175925926,7299.458564814815
22,22,2040,1257527.26875,420344.375,0.0,7319.456018518518,7319.45625,7319.4425925925925
22,22,2041,778534.2875,1042752.85,0.0,7299.442361111111,7299.439814814815,7299.46875
22,22,2042,1231262.875,295632.18125,0.0,7299.484722222222,7299.445138888889,7299.455092592592
22,22,2043,1001318.5625,672774.13125,0.0,7299.465277777777,7299.462268518519,7299.46875
22,22,2044,1024655.625,506019.7375,0.0,7319.417361111111,7319.446064814814,7319.434259259259
22,22,2045,1222416.38125,746065.68125,0.0,7299.4638888888885,7299.449537037037,7299.441666666667
22,22,2046,1148502.00625,525590.6,0.0,7299.464583333333,7299.479861111111,7299.467592592592
23,23,2017,1505821.55625,0.0,0.0,7279.433564814814,7279.461574074074,7279.458796296296
23,23,2018,1245560.76875,428531.225,0.0,7299.4331018518515,7299.451388888889,7299.428703703704
23,23,2019,1051036.875,475858.925,0.0,7299.449537037037,7299.4432870370365,7299.462268518519
23,23,2020,1094795.55625,435881.25,0.0,7319.4432870370365,7319.482407407408,7319.499074074074
23,23,2021,1186022.225,488069.375,0.0,7299.4530092592595,7299.430092592593,7299.471296296296
23,23,2022,964333.125,562563.24375,0.0,7299.474999999999,7299.435185185185,7299.428240740741
23,23,2023,1155113.94375,371782.38125,0.0,7299.450694444445,7299.478703703704,7299.479166666667
23,23,2024,1223471.7,454399.94375,0.0,7319.461805555556,7319.447453703704,7319.466898148148
23,23,2025,1434875.68125,239216.09375,0.0,7299.4537037037035,7299.469907407407,7299.459722222222
23,23,2026,1329549.0875,344542.99375,0.0,7299.446527777777,7299.425694444444,7299.453935185185
23,23,2027,1311195.7,362896.25,0.0,7299.454629629629,7299.487268518518,7299.434722222222
23,23,2028,1079828.55,745239.33125,0.0,7319.445601851851,7319.461574074074,7319.4530092592595
23,23,2029,1001199.3,525695.625,0.0,7299.440277777778,7299.458333333333,7299.453935185185
23,23,2030,1245561.3375,428530.13125,0.0,7299.490972222222,7299.434953703703,7299.445601851851
23,23,2031,1428301.0625,245791.28125,0.0,7299.468287037037,7299.443749999999,7299.477546296296
23,23,2032,1076563.75,601308.33125,0.0,7319.469907407407,7319.46875,7319.463425925926
23,23,2033,1280171.9625,393918.63125,0.0,7299.441203703704,7299.452777777778,7299.461805555556
23,23,2034,1149592.5,377303.2125,0.0,7299.479861111111,7299.437962962963,7299.462037037037
23,23,2035,1208626.58125,465463.6625,0.0,7299.4638888888885,7299.46087962963,7299.469907407407
23,23,2036,1090656.10625,440020.0875,0.0,7319.454861111111,7319.449074074074,7319.454166666666
23,23,2037,1339902.91875,334188.59375,0.0,7299.481481481482,7299.451851851852,7299.46875
23,23,2038,1322260.25,351831.875,0.0,7299.425462962963,7299.4631944444445,7299.406944444444
23,23,2039,743962.25,1077324.49375,0.0,7299.478009259259,7299.454629629629,7299.467592592592
23,23,2040,1193468.78125,484402.6,0.0,7319.4532407407405,7319.467129629629,7319.46087962963
23,23,2041,1098101.0875,428793.75,0.0,7299.436111111111,7299.4319444444445,7299.454166666666
23,23,2042,1107508.34375,713778.6625,669874.3975,7299.425694444444,7299.482638888889,7299.440740740741
23,23,2043,989776.35,537118.8375,0.0,7299.461111111111,7299.45625,7299.427777777778
23,23,2044,1167323.51875,510549.13125,0.0,7319.473148148148,7319.4743055555555,7319.457175925926
23,23,2045,1204094.95625,469996.25,0.0,7299.485416666666,7299.434722222222,7299.424305555555
23,23,2046,1325882.26875,348209.375,0.0,7299.43449074074,7299.458796296296,7299.47037037037
24,24,2017,1168821.3875,0.0,,7279.508564814815,7279.4530092592595,7279.475231481481
24,24,2018,1072783.53125,601308.85625,,7299.44212962963,7299.454398148148,7299.459027777778
24,24,2019,1043752.5,483143.3875,,7299.459027777778,7299.448611111111,7299.457175925926
24,24,2020,1193034.86875,337640.625,,7319.440046296296,7319.425925925926,7319.440509259259
24,24,2021,824236.875,665803.1375,,7299.451157407408,7299.459490740741,7299.459490740741
24,24,2022,1234930.0875,476016.29375,,7299.415277777778,7299.443981481481,7299.457175925926
24,24,2023,1264382.28125,262513.125,,7299.444675925925,7299.457407407407,7299.440740740741
24,24,2024,1295209.84375,382662.5,,7319.502083333333,7319.459490740741,7319.441203703704
24,24,2025,1023560.14375,650530.625,,7299.451620370371,7299.461574074074,7299.465509259259
24,24,2026,1291428.35625,382662.5,,7299.435185185185,7299.442361111111,7299.430092592593
24,24,2027,1409277.95,264813.125,,7299.471296296296,7299.460648148148,7299.444675925925
24,24,2028,1268791.75625,408256.25,,7319.457638888889,7319.463425925926,7319.449768518519
24,24,2029,1412668.4,261422.4125,,7299.45787037037,7299.4432870370365,7299.493518518519
24,24,2030,1051036.875,475859.275,,7299.436342592592,7299.472685185185,7299.477314814815
24,24,2031,1152518.08125,521573.125,,7299.446064814815,7299.456944444444,7299.457175925926
24,24,2032,1063919.16875,466755.625,,7319.4631944444445,7319.473611111111,7319.467361111111
24,24,2033,1230717.35625,443375.3375,,7299.440740740741,7299.469212962963,7299.444212962962
24,24,2034,1231387.08125,442704.65,,7299.450694444445,7299.449305555556,7299.425694444444
24,24,2035,1307301.81875,366789.825,,7299.4224537037035,7299.434953703703,7299.409953703704
24,24,2036,1024655.625,506020.65625,,7319.483101851852,7319.44212962963,7319.476157407407
24,24,2037,1053607.5125,620483.08125,,7299.450462962963,7299.47662037037,7299.441203703704
24,24,2038,1264382.5,262513.125,,7299.465972222222,7299.438888888889,7299.435879629629
24,24,2039,1102784.0875,571308.125,,7299.431018518519,7299.453472222222,7299.4324074074075
24,24,2040,1239886.21875,437984.375,,7319.440277777778,7319.440972222222,7319.439351851852
24,24,2041,1291429.49375,382662.5,,7299.463425925926,7299.4530092592595,7299.450462962963
24,24,2042,1182443.86875,491648.125,,7299.430324074074,7299.455787037037,7299.449074074074
24,24,2043,1219574.31875,454517.325,,7299.459953703704,7299.447222222222,7299.46574074074
24,24,2044,1147517.54375,530354.31875,,7319.447222222222,7319.498379629629,7319.428472222222
24,24,2045,1292178.5375,381914.375,,7299.464583333333,7299.470601851852,7299.459722222222
24,24,2046,1379700.0,0.0,,7299.434027777777,7299.46875,7299.461805555556
25,25,2017,1199641.575,472826.74375,0.0,7279.422222222222,7279.41712962963,7279.440509259259
25,25,2018,990714.375,536181.6,0.0,7299.488888888889,7299.449768518519,7299.473148148148
25,25,2019,1129401.325,397494.65,0.0,7299.475231481481,7299.456944444444,7299.440277777778
25,25,2020,1102196.39375,575674.025,814712.395,7319.4432870370365,7319.4631944444445,7319.485185185185
25,25,2021,1039972.5,456999.0875,0.0,7299.466666666666,7299.4525462962965,7299.459722222222
25,25,2022,1488197.5875,363014.375,0.0,7299.45,7299.474999999999,7299.437731481481
25,25,2023,1238588.2,435503.75,0.0,7299.461342592593,7299.447222222222,7299.420833333334
25,25,2024,1383480.0,0.0,0.0,7319.459722222222,7319.459953703704,7319.449537037037
25,25,2025,918350.05625,902937.7375,0.0,7299.466898148148,7299.436342592592,7299.439814814815
25,25,2026,1200163.1,326733.75,0.0,7299.461805555556,7299.438425925926,7299.453472222222
25,25,2027,1072784.1875,601308.2,0.0,7299.460648148148,7299.458333333333,7299.465277777777
25,25,2028,1043752.5,486923.60625,0.0,7319.448611111111,7319.427083333333,7319.4537037037035
25,25,2029,1227842.5875,299053.125,0.0,7299.4532407407405,7299.450694444445,7299.450925925926
25,25,2030,1197051.11875,477040.9625,0.0,7299.450925925926,7299.443981481481,7299.442361111111
25,25,2031,1250006.425,424085.0,0.0,7299.492361111111,7299.47337962963,7299.468055555555
25,25,2032,1197008.6375,480863.75,0.0,7319.4837962962965,7319.453935185185,7319.461805555556
25,25,2033,1192759.41875,481332.4,0.0,7299.42662037037,7299.45,7299.4842592592595
25,25,2034,1156258.8375,517831.8,0.0,7299.434027777777,7299.435185185185,7299.457638888889
25,25,2035,1148497.15,525593.75,0.0,7299.461574074074,7299.451851851852,7299.468981481481
25,25,2036,1080142.7625,597728.75,0.0,7319.406018518518,7319.45625,7319.438657407407
25,25,2037,1280171.91875,393918.89375,0.0,7299.459027777778,7299.437268518518,7299.425462962963
25,25,2038,1420858.35625,253232.63125,0.0,7299.433796296296,7299.459953703704,7299.468981481481
25,25,2039,1291429.0125,382662.5,0.0,7299.47962962963,7299.43125,7299.452314814815
25,25,2040,1153372.5,377302.95,0.0,7319.467129629629,7319.460185185185,7319.450925925926
25,25,2041,1131855.0625,689433.125,0.0,7299.451157407408,7299.4643518518515,7299.449074074074
25,25,2042,1374865.03125,299226.875,0.0,7299.440046296296,7299.432175925926,7299.458564814815
25,25,2043,1253943.925,420147.5,0.0,7299.453935185185,7299.465509259259,7299.450231481482
25,25,2044,1054659.375,476016.5125,0.0,7319.4319444444445,7319.480787037037,7319.427083333333
25,25,2045,1177363.09375,349531.875,0.0,7299.433564814814,7299.461111111111,7299.4738425925925
25,25,2046,1201265.3375,472827.05,0.0,7299.4638888888885,7299.469212962963,7299.449305555556
